NUMEROS D'ORDRE,AUTEURS,INSTRUMENT_TYPE,HOUSE_MADE,DATES D'ACHAT,VENDEURS,PRIX D'ACHAT,PRIX DES REPARATIONS,PRIX DE REVIENT,DATES DES VENTES,PRIX VENDU,ACHETEURS,ACHETEURS DETAIL*,VENDEUR_TYPE,VENDEUR_CANON,VENDEUR_CONF,ACHETEUR_TYPE_REV,ACHETEUR_CANON,ACHETEUR_CONF,CONSIGNMENT,CHANNEL,MARGIN_PCT,HOLD_DAYS,EXPORT_REF,EXPORT_DATE,EXPORT_BUYER_DETAIL,EXPORT_INSTRUMENT_DETAIL,EXPORT_PRICE,EXPORT_PRICE_DIFF,DISCREPANCY_STATUS,HOUSE
1,"Gand Frères, Paris 1862",violin,False,,Marier à Paris,1000,,,05/07/1926,2000,Wurlitzer à Cincinnati,"Rudolph Wurlitzer Co., famous American musical instrument dealer & luthier",private,,,trade,Rudolph Wurlitzer Co. (Cincinnati/NY),verified,False,B2B,100.0,,,,,,,,,Caressa & Français / Émile Français
2,Vieux Français,violin,False,,Brignoles à Marseille,600,,,01/01/1922,1500,Wurlitzer à Cincinnati,"Rudolph Wurlitzer Co., famous American musical instrument dealer & luthier",private,,,trade,Rudolph Wurlitzer Co. (Cincinnati/NY),verified,False,B2B,150.0,,,,,,,,,Caressa & Français / Émile Français
3,Gand & Bernardel Paris 1887,violin,False,,Moullard à Paris,850,,,21/12/1922,1500,Sanz à Madrid,Private Client / Regional Buyer,private,,,trade,Sanz (Madrid),verified,False,B2B,76.5,,,,,,,,,Caressa & Français / Émile Français
4,Mast,violin,False,,Luterie,175,,,28/02/1924,800,"Stern, New York","Stern (New York), prominent American rare instrument dealer/collector",trade,Trade (lutherie),verified,trade,Stern (New York),verified,False,B2B,357.1,,,,,,,,,Caressa & Français / Émile Français
5,"copie Magnani, ancienne",violin,False,21/01/1920,Brignoles d'Marseille,600,,,01/03/1922,1000,"Lyon & Healy, Chicago","Lyon & Healy (Chicago), premier American musical instrument dealer and harp maker",private,,,trade,Lyon & Healy (Chicago)?,verified,False,B2B,66.7,770.0,,,,,,,,Caressa & Français / Émile Français
6,Vieux Allemand,violin,False,,Fes à Paris,75,,,18/02/1921,200,Jose Bérisdam à Paris,Private Client / Regional Buyer,private,,,private,,,False,B2C,166.7,,,,,,,,,Caressa & Français / Émile Français
7,Bernardel Père 1850,violin,False,,Quillet à Paris,900,,,14/02/1925,6000,Rasmussen à Aarhus,Private Client / Regional Buyer,private,,,private,,,False,B2C,566.7,,,,,,,,,Caressa & Français / Émile Français
8,"Balestrieri, Mantoue",violin,False,,Dita sa Marseille,1500,1000.0,2500.0,22/02/1926,3000,Lyon & Healy à Chicago,"Lyon & Healy (Chicago), premier American musical instrument dealer and harp maker",private,,,trade,Lyon & Healy (Chicago)?,verified,False,B2B,20.0,,,,,,,,,Caressa & Français / Émile Français
9,Gustave Bernardel 1899,violin,False,,Maufant à Paris,500,,,26/01/1924,1400,Conté à Orleans,Private Client / Regional Buyer,private,,,private,,,False,B2C,180.0,,,,,,,,,Caressa & Français / Émile Français
10,Curiotien,violin,False,,"Brignoles, Marseille",800,,,02/07/1920,2500,Wurlitzer à Cincinnati,"Rudolph Wurlitzer Co., famous American musical instrument dealer & luthier",private,,,trade,Rudolph Wurlitzer Co. (Cincinnati/NY),verified,False,B2B,212.5,,,,,,,,,Caressa & Français / Émile Français
11,Charotte,violin,False,,"Berthuit, Paris",200,,,16/07/1925,2000,Djégnie à Paris,Private Client / Regional Buyer,private,,,private,,,False,B2C,900.0,,,,,,,,,Caressa & Français / Émile Français
12,"J.B. Vuillaume, copie Strad",violin,False,,"Le Pruz, Paris",1000,100.0,1100.0,31/03/1924,2000,Van Neit à Anvers,Private Client / Regional Buyer,private,,,private,,,False,B2C,81.8,,,,,,,,,Caressa & Français / Émile Français
13,Gustave Bernardel 1897,violin,False,,"Duhamel, Paris",650,,,19/02/1924,3000,M. P. Billiet à Poitiers,Private Client / Regional Buyer,private,,,private,,,False,B2C,361.5,,,,,,,,,Caressa & Français / Émile Français
14,"Pacherel, Nice 1855",violin,False,,Comet à Nice,1000,300.0,1300.0,16/03/1921,3000,Willaume à Paris,Private Client / Regional Buyer,private,,,private,,,False,B2C,130.8,,,,,,,,,Caressa & Français / Émile Français
15,"Jacobs, Amsterdam",violin,False,,Borelli Frères à Paris,400,,,02/07/1920,2000,Wurlitzer à Cincinnati,"Rudolph Wurlitzer Co., famous American musical instrument dealer & luthier",private,,,trade,Rudolph Wurlitzer Co. (Cincinnati/NY),verified,False,B2B,400.0,,,,,,,,,Caressa & Français / Émile Français
16,Allemand ancien,violin,False,,Vassal à Oran,200,,,05/02/1923,1200,Bélly à Paris,Private Client / Regional Buyer,private,,,private,,,False,B2C,500.0,,,,,,,,,Caressa & Français / Émile Français
17,Nicolas Duchêne,violin,False,,Ruillaut à Paris,150,,,26/03/1926,500,Graongaard à Copenhague,Private Client / Regional Buyer,private,,,trade,Gravengaard (Copenhagen),verified,False,B2B,233.3,,,,,,,,,Caressa & Français / Émile Français
18,"Gaillard 1850, Paris",violin,False,,Coutain à Paris,450,,,28/02/1921,2770,Willaume à Paris,Private Client / Regional Buyer,private,,,private,,,False,B2C,515.6,,,,,,,,,Caressa & Français / Émile Français
19,Allemand ancien,violin,False,,"Fliét, Paris",150,,,01/07/1921,500,"Lyon & Healy, Chicago","Lyon & Healy (Chicago), premier American musical instrument dealer and harp maker",private,,,trade,Lyon & Healy (Chicago)?,verified,False,B2B,233.3,,,,,,,,,Caressa & Français / Émile Français
20,recut d'alto allemand,viola,False,,,100,,,05/05/1924,1400,Vernay à Paris,Private Client / Regional Buyer,private,,,private,,,False,B2C,1300.0,,,,,,,,,Caressa & Français / Émile Français
21,Fent a Paris N° 81,violin,False,,Secret à Angers,2500,,,01/01/1921,5000,M. Le Brun à Paris,Private Client / Regional Buyer,private,,,private,,,False,B2C,100.0,,,,,,,,,Caressa & Français / Émile Français
22,Mercier,violin,False,,Saillaud à Angers,100,,,26/06/1922,600,"Gravingaard, Copenhague","Gravengaard (Copenhagen), prominent Danish violin dealer",private,,,private,,,False,B2C,500.0,,,,,,,,,Caressa & Français / Émile Français
23,A. Horentteiger 1735,violin,False,,Opoix à Versailles,250,,,11/06/1922,1000,Stern à New York,"Stern (New York), prominent American rare instrument dealer/collector",private,,,trade,Stern (New York),verified,False,B2B,300.0,,,,,,,,,Caressa & Français / Émile Français
24,Aegidius Kloz 1710,violin,False,,Le Brun à Paris,500,,,15/10/1921,3000,D'Aimé à Paris,Private Client / Regional Buyer,private,,,private,,,False,B2C,500.0,,,,,,,,,Caressa & Français / Émile Français
25,Bernardel Père 1848,violin,False,,Leduc à Paris,1350,650.0,2000.0,27/04/1928,8000,Wolf à Strasbourg,Private Client / Regional Buyer,private,,,trade,S. Wolf (Strasbourg),verified,False,B2B,300.0,,,,,,,,,Caressa & Français / Émile Français
26,Moitessier 1815,violin,False,,"Charvet, Paris",150,,,01/02/1921,650,Stern à New York,"Stern (New York), prominent American rare instrument dealer/collector",private,,,trade,Stern (New York),verified,False,B2B,333.3,,,,,,,,,Caressa & Français / Émile Français
27,Caressa & Français. N° 42. 1902,violin,True,,,250,,,18/02/1924,2500,Melle Chevalier à Romilly s/Seine,Private Client / Regional Buyer,private,,,private,,,False,B2C,900.0,,,,,,,,,Caressa & Français / Émile Français
28,J.B. Vuillaume v 1849,violin,False,,Doussin à Abbeville,2000,,,15/01/1921,3500,Eckert à Rotterdam,Private Client / Regional Buyer,private,,,private,,,False,B2C,75.0,,,,,,,,,Caressa & Français / Émile Français
29,Diehl 1843,violin,False,,Sanz à Paris,250,1000.0,1250.0,01/04/1925,3000,Dehez à Bayonne,Private Client / Regional Buyer,trade,Sanz (Madrid),verified,private,,,False,B2C,140.0,,,,,,,,,Caressa & Français / Émile Français
30,Allemand Schneider 1705,violin,False,,,200,,,01/02/1921,550,Stern à New York,"Stern (New York), prominent American rare instrument dealer/collector",private,,,trade,Stern (New York),verified,False,B2B,175.0,,,,,,,,,Caressa & Français / Émile Français
31,Collin Mézin 1890,violin,False,,Sabarfeld à Paris,300,200.0,500.0,30/08/1923,3000,"de Montenit à Boissy-le-Sec, Vitré",Private Client / Regional Buyer,private,,,private,,,False,B2C,500.0,,,,,,,,,Caressa & Français / Émile Français
32,"Grivel, M_e Jacquot à Paris",violin,False,,Deroux à Grenoble,500,,,01/03/1927,3000,Courtois à Angers,Private Client / Regional Buyer,private,,,private,,,False,B2C,500.0,,,,,,,,,Caressa & Français / Émile Français
33,Maline ordinaire,violin,False,,,75,,,01/07/1921,400,"Lyon & Healy, Chicago","Lyon & Healy (Chicago), premier American musical instrument dealer and harp maker",private,,,trade,Lyon & Healy (Chicago)?,verified,False,B2B,433.3,,,,,,,,,Caressa & Français / Émile Français
34,"Charles Gaillard, Paris 1860",violin,False,,Rousseau à Nantes,1400,1100.0,2500.0,09/04/1930,5000,P. Merking à Copenhague,Private Client / Regional Buyer,private,,,private,,,False,B2C,100.0,,E.981.8.30 row 76 (exact),"April 29, 1930","Monsieur Paul Merling, Luthier, Vestergade 11 à Copenhague (Danemark)","1 Violon de Charles Gaillard, 20 rue Notre Dame de Recouvrance N° 78 Paris 1860 (1 violin by Charles Gaillard, 20 rue Notre Dame de Recouvrance, No. 78, Paris 1860)",5000.0,,,Caressa & Français / Émile Français
35,"Pillement, Nantes 1824",violin,False,,Guillermin à Nantes,400,,,29/03/1928,4000,Wolf à Strasbourg,Private Client / Regional Buyer,private,,,trade,S. Wolf (Strasbourg),verified,False,B2B,900.0,,,,,,,,,Caressa & Français / Émile Français
36,Caressa & Français. N° 116. 1912,violin,True,,Joly à Paris,250,,,31/10/1922,1,Donné au Musée Conservatoire de Paris,National Conservatory of Music (Paris) / Musée de la Musique,private,,,institution,Institution,verified,False,B2C,-99.6,,,,,,,,,Caressa & Français / Émile Français
37,"Centurieux, Centurus",violin,False,,,200,50.0,250.0,07/05/1925,750,Menot à Paris,Private Client / Regional Buyer,private,,,private,,,False,B2C,200.0,,,,,,,,,Caressa & Français / Émile Français
38,"Nicolas, cellé de Crémone",violin,False,,Le Brun à Paris,450,,,01/01/1925,2000,Miskunowski à Paris,Private Client / Regional Buyer,private,,,private,,,False,B2C,344.4,,,,,,,,,Caressa & Français / Émile Français
39,A. Herensteiner 1750,violin,False,,Ruestet à Paris,250,1000.0,1250.0,17/08/1935,4000,Besnard à Paris,Private Client / Regional Buyer,private,,,private,,,False,B2C,220.0,,,,,,,,,Caressa & Français / Émile Français
40,N. F. Mast à Paris,violin,False,23/03/1920,Ousset,200,300.0,500.0,01/03/1922,1000,"Lyon & Healy, Chicago","Lyon & Healy (Chicago), premier American musical instrument dealer and harp maker",private,,,trade,Lyon & Healy (Chicago)?,verified,False,B2B,100.0,708.0,,,,,,,,Caressa & Français / Émile Français
41,"Mougenot, Bruxelles 1896",violin,False,,,400,,,16/01/1922,1000,Valmalete à Paris,Private Client / Regional Buyer,private,,,private,,,False,B2C,150.0,,,,,,,,,Caressa & Français / Émile Français
42,Gaffino à Paris 1773,violin,False,,"Planchat, Paris",500,150.0,650.0,01/07/1921,3500,"Lyon & Healy, Chicago","Lyon & Healy (Chicago), premier American musical instrument dealer and harp maker",private,,,trade,Lyon & Healy (Chicago)?,verified,False,B2B,438.5,,,,,,,,,Caressa & Français / Émile Français
43,"Jacobus Steiner, Absam 1660",violin,False,,Oudelin à Strasbourg,500,400.0,900.0,28/02/1921,2000,Mme Suter à Suhr d'Arau (Suisse),Private Client / Regional Buyer,trade,Oudelin (Strasbourg),verified,private,,,False,B2C,122.2,,,,,,,,,Caressa & Français / Émile Français
44,L. Widhalm,violin,False,,Le Simon,300,500.0,800.0,09/04/1922,5000,Sarge à St Quentin,Private Client / Regional Buyer,private,,,private,,,False,B2C,525.0,,,,,,,,,Caressa & Français / Émile Français
45,Vve Mirecourt,violin,False,,Ousset à Paris,300,,,09/11/1927,875,Wurlitzer à Cincinnati,"Rudolph Wurlitzer Co., famous American musical instrument dealer & luthier",private,,,trade,Rudolph Wurlitzer Co. (Cincinnati/NY),verified,False,B2B,191.7,,E.981.8.30 row 109 (fuzzy),"November 9, 1927","The Rudolph Wurlitzer Co., New York (expédition à Mr. Voss à Berlin)",1 violon Vieux Français,875,,resolved: transcription typo in export journal — both 875,Caressa & Français / Émile Français
46,Vve Mirecourt,violin,False,,Ousset à Paris,300,50.0,350.0,12/04/1925,1250,Mme Fair à Londres,Private Client / Regional Buyer,private,,,private,,,False,B2C,257.1,,,,,,,,,Caressa & Français / Émile Français
47,Grandjon,violin,False,,"Et-hie, à Paris",150,,,26/11/1920,600,Brunier à Paris,Private Client / Regional Buyer,private,,,private,,,False,B2C,300.0,,,,,,,,,Caressa & Français / Émile Français
48,Bocquay à Paris,violin,False,,Vve Richard,1100,,,01/07/1921,2000,Lyon & Healy à Chicago,"Lyon & Healy (Chicago), premier American musical instrument dealer and harp maker",private,,,trade,Lyon & Healy (Chicago)?,verified,False,B2B,81.8,,,,,,,,,Caressa & Français / Émile Français
49,"Derazey, Paris 1908",violin,False,,Rochet,150,,,04/07/1922,700,Renard à Rion,Private Client / Regional Buyer,private,,,private,,,False,B2C,366.7,,,,,,,,,Caressa & Français / Émile Français
50,Vve Panst me Salomon,violin,False,,"Ousset, Paris",650,,,21/07/1920,1330,Pingris à Durban (Natal),Private Client / Regional Buyer,private,,,private,,,False,B2C,104.6,,,,,,,,,Caressa & Français / Émile Français
51,Kloz,violin,False,02/01/2019,"Galtau, à Paris",250,,,01/03/1922,1200,"Lyon & Healy, Chicago","Lyon & Healy (Chicago), premier American musical instrument dealer and harp maker",private,,,trade,Lyon & Healy (Chicago)?,verified,False,B2B,380.0,1154.0,,,,,,,,Caressa & Français / Émile Français
52,"Allemand, école Kloz",violin,False,,"Delta, à Paris",400,,,01/07/1921,1000,"Lyon & Healy, Chicago","Lyon & Healy (Chicago), premier American musical instrument dealer and harp maker",private,,,trade,Lyon & Healy (Chicago)?,verified,False,B2B,150.0,,,,,,,,,Caressa & Français / Émile Français
53,Gand & Bernardel 1887,violin,False,,"Aubry, à Paris",350,650.0,1000.0,29/04/1930,5000,P. Merking à Copenhague,Private Client / Regional Buyer,private,,,private,,,False,B2C,400.0,,E.981.8.30 row 68 (exact),"April 29, 1930","Monsieur Paul Merling, Luthier, Vestergade 11 à Copenhague (Danemark)","1 Violon de Gand & Bernardel, Luthiers du Conservatoire de Musique N° 1340, Paris 1887 (1 violin by Gand & Bernardel, makers to the Conservatoire de Musique, No. 1340, Paris 1887)",5000.0,,,Caressa & Français / Émile Français
54,Kloz,violin,False,,"Coche, à Paris",400,,,01/07/1921,1000,"Lyon & Healy, Chicago","Lyon & Healy (Chicago), premier American musical instrument dealer and harp maker",private,,,trade,Lyon & Healy (Chicago)?,verified,False,B2B,150.0,,,,,,,,,Caressa & Français / Émile Français
55,Pillement,violin,False,,"Ousset, à Paris",250,,,17/12/1922,500,"Lyon & Healy, Chicago","Lyon & Healy (Chicago), premier American musical instrument dealer and harp maker",private,,,trade,Lyon & Healy (Chicago)?,verified,False,B2B,100.0,,,,,,,,,Caressa & Français / Émile Français
56,Vve Paris,violin,False,,,100,,,27/06/1923,Mtt,"Mr Courant, Lyon",Private Client / Regional Buyer,private,,,private,,,False,B2C,,,,,,,,,,Caressa & Français / Émile Français
57,Gand Père 1840,violin,False,,Leveque à Dijon,400,,,22/02/1921,900,Vidoudez à Genève,"Pierre Vidoudez (Geneva), famous Swiss violin maker and expert",private,,,trade,Pierre Vidoudez (Geneva),verified,False,B2B,125.0,,,,,,,,,Caressa & Français / Émile Français
58,Guersan Paris,violin,False,,Bisiach à Milan,200,,,17/07/1925,950,Durier à Cherbourg,Private Client / Regional Buyer,trade,Leandro/Andrea Bisiach (Milan),verified,private,,,False,B2C,375.0,,,,,,,,,Caressa & Français / Émile Français
59,Gavinies,violin,False,,Ousset à Paris,300,,,10/06/1926,2400,Melle Victor Kiazin à Bucarest,Private Client / Regional Buyer,private,,,private,,,False,B2C,700.0,,,,,,,,,Caressa & Français / Émile Français
60,Ancien Violin Français,violin,False,,,200,300.0,500.0,26/02/1925,2500,Mme Aron à Paris,Private Client / Regional Buyer,private,,,private,,,False,B2C,400.0,,,,,,,,,Caressa & Français / Émile Français
61,Breton de Mirecourt,violin,False,,Delta à Paris,250,,,02/06/1921,650,Mme Lugroux à Paris,Private Client / Regional Buyer,private,,,private,,,False,B2C,160.0,,,,,,,,,Caressa & Français / Émile Français
62,Allemand me Stainer,violin,False,,,400,,,09/05/1921,1500,Goutteau de Forceville - Paris,Private Client / Regional Buyer,private,,,private,,,False,B2C,275.0,,,,,,,,,Caressa & Français / Émile Français
63,Allemand ancien,violin,False,,Delta à Paris,100,,,,,,,private,,,private,,,False,B2C,,,,,,,,,,Caressa & Français / Émile Français
64,Chappuy,violin,False,,Deutscher,300,,,12/10/2022,2000,A. Couat à Orléans,Private Client / Regional Buyer,trade,Deutscher (Paris),verified,private,,,False,B2C,566.7,,,,,,,,,Caressa & Français / Émile Français
65,Pacherel à Nice 1845,violin,False,,Dorat à Nice,350,,,14/03/1922,2500,Champin à Paris,Private Client / Regional Buyer,private,,,private,,,False,B2C,614.3,,,,,,,,,Caressa & Français / Émile Français
66,Vuillaume St Cécile 1848,violin,False,,,450,,,01/12/1923,3500,Salomon Stern à Paris,"Stern (New York), prominent American rare instrument dealer/collector",private,,,trade,Stern (New York),verified,False,B2B,677.8,,,,,,,,,Caressa & Français / Émile Français
67,Boquay,violin,False,,"Mme Mizon, Béthune",1000,100.0,1100.0,21/06/1922,4000,Serre à Paris,"François Serre, French violin dealer / luthier in Paris/Levallois-Perret",private,,,private,,,False,B2C,263.6,,,,,,,,,Caressa & Français / Émile Français
68,J. B. Vuillaume n° 2429,violin,False,,"Ollermann, Paris",2000,,,12/08/1920,5550,Debriette à Paris,Private Client / Regional Buyer,private,,,private,,,False,B2C,177.5,,,,,,,,,Caressa & Français / Émile Français
69,Vve Paris,violin,False,10/06/1919,Quillet à Paris,275,,,12/05/1922,800,M_r Christol à Paris,Private Client / Regional Buyer,private,,,private,,,False,B2C,190.9,1067.0,,,,,,,,Caressa & Français / Émile Français
70,Copie moderne m! Steiner,violin,False,,Hellard,150,100.0,250.0,01/03/1922,1250,"Lyon & Healy, Chicago","Lyon & Healy (Chicago), premier American musical instrument dealer and harp maker",private,,,trade,Lyon & Healy (Chicago)?,verified,False,B2B,400.0,,,,,,,,,Caressa & Français / Émile Français
71,"A Chappuy, Paris 1770",violin,False,,Secret à Angers,250,,,23/06/1920,1100,"Veuve Pasquy, Paris",Private Client / Regional Buyer,private,,,private,,,False,B2C,340.0,,,,,,,,,Caressa & Français / Émile Français
72,N Chappuy,violin,False,,Salomon à Metz,400,,,,,,,trade,Salomon (Metz),verified,private,,,False,B2C,,,,,,,,,,Caressa & Français / Émile Français
73,Gand père 1840,violin,False,,Feuillet à Paris,1500,,,15/01/1921,4444,Gasselin à Paris,Private Client / Regional Buyer,private,,,private,,,False,B2C,196.3,,,,,,,,,Caressa & Français / Émile Français
74,Chappuy - Paris - 1768,violin,False,,Durand à Paris,700,,,"20""",2000,Roussel à Paris,Private Client / Regional Buyer,private,,,private,,,False,B2C,185.7,,,,,,,,,Caressa & Français / Émile Français
75,"Deleplanque, Lille 1770",violin,False,,Vve Delsart,600,,,27/12/1923,1300,"Lyon & Healy, Chicago","Lyon & Healy (Chicago), premier American musical instrument dealer and harp maker",private,,,trade,Lyon & Healy (Chicago)?,verified,False,B2B,116.7,,,,,,,,,Caressa & Français / Émile Français
76,Kloz,violin,False,,Paulin à Lyon,325,,,01/07/1921,1000,"Lyon & Healy, Chicago","Lyon & Healy (Chicago), premier American musical instrument dealer and harp maker",private,,,trade,Lyon & Healy (Chicago)?,verified,False,B2B,207.7,,,,,,,,,Caressa & Français / Émile Français
77,Italien moderne,violin,False,,ancien Starck,200,200.0,400.0,20/05/1924,1500,Mme de Clebsattel à Lizy-sur-Ourcq,Private Client / Regional Buyer,private,,,private,,,False,B2C,275.0,,,,,,,,,Caressa & Français / Émile Français
78,Caressa & Français. N° 377 1911,violin,True,,Gay à Dijon,250,,,26/09/1925,2800,Émile Hodking à Marseille,Private Client / Regional Buyer,private,,,private,,,False,B2C,1020.0,,,,,,,,,Caressa & Français / Émile Français
79,Landolfi à Milan,violin,False,,Le Brun à Paris,1500,500.0,2000.0,30/09/1924,9000,Masofert à La Nouvelle-Orléans,Private Client / Regional Buyer,private,,,private,,,False,B2C,350.0,,,,,,,,,Caressa & Français / Émile Français
80,"Audinot, Paris 1891",violin,False,,de Mézerac,200,350.0,550.0,14/11/1928,2500,M. Khuong à Haiphong,Private Client / Regional Buyer,private,,,private,,,False,B2C,354.5,,,,,,,,,Caressa & Français / Émile Français
81,Grandjon,violin,False,,,200,300.0,500.0,20/02/1922,2000,Salons à Cotrux (Nord),Private Client / Regional Buyer,private,,,private,,,False,B2C,300.0,,,,,,,,,Caressa & Français / Émile Français
82,"Nicolas, ville de Crémone",violin,False,13/11/1918,Videl à Grenoble,450,,,01/03/1922,700,"Lyon & Healy, Chicago","Lyon & Healy (Chicago), premier American musical instrument dealer and harp maker",private,,,trade,Lyon & Healy (Chicago)?,verified,False,B2B,55.6,1204.0,,,,,,,,Caressa & Français / Émile Français
83,V_x Français,violin,False,02/03/1918,Hekking à Paris,300,,,,600,"Lyon & Healy, Chicago","Lyon & Healy (Chicago), premier American musical instrument dealer and harp maker",musician,Hekking (Paris),verified,trade,Lyon & Healy (Chicago)?,verified,False,B2B,100.0,,,,,,,,,Caressa & Français / Émile Français
84,Salzard,violin,False,,Deutscher,200,150.0,350.0,,900,"Lyon & Healy, Chicago","Lyon & Healy (Chicago), premier American musical instrument dealer and harp maker",trade,Deutscher (Paris),verified,trade,Lyon & Healy (Chicago)?,verified,False,B2B,157.1,,,,,,,,,Caressa & Français / Émile Français
85,"Gand père, Paris 1828",violin,False,,Gauche à Abbeville,1250,,,11/10/1920,4500,de Clérambault à Tours,Private Client / Regional Buyer,private,,,private,,,False,B2C,260.0,,,,,,,,,Caressa & Français / Émile Français
86,ancien modèle testore,violin,False,,Salomon de Metz,300,,,27/12/1922,1000,"Lyon & Healy, Chicago","Lyon & Healy (Chicago), premier American musical instrument dealer and harp maker",trade,Salomon (Metz),verified,trade,Lyon & Healy (Chicago)?,verified,False,B2B,233.3,,,,,,,,,Caressa & Français / Émile Français
87,Thibout à Paris,violin,False,,Grolleau à Angers,900,,,29/09/1920,2500,Ben Have à Cincinnati,Private Client / Regional Buyer,trade,Grolleau (Angers),verified,private,,,False,B2C,177.8,,,,,,,,,Caressa & Français / Émile Français
88,Caressa & Français. copie Guarnérius,violin,True,,,250,,,22/12/1920,1800,Wolf à Strasbourg,Private Client / Regional Buyer,private,,,trade,S. Wolf (Strasbourg),verified,False,B2B,620.0,,,,,,,,,Caressa & Français / Émile Français
89,Mirecourt,violin,False,,Weiss à Paris,100,,,21/02/1921,550,"Perrin, 104R. St M. à Paris",Private Client / Regional Buyer,private,,,private,,,False,B2C,450.0,,,,,,,,,Caressa & Français / Émile Français
90,Chappuy,violin,False,,Delta,150,,,05/11/1926,1500,Mme Nielka à Paris,Private Client / Regional Buyer,private,,,private,,,False,B2C,900.0,,,,,,,,,Caressa & Français / Émile Français
91,"Copie Maggini, ancienne",violin,False,,Deutscher,300,,,01/11/1921,2000,Stern à New York,"Stern (New York), prominent American rare instrument dealer/collector",trade,Deutscher (Paris),verified,trade,Stern (New York),verified,False,B2B,566.7,,,,,,,,,Caressa & Français / Émile Français
92,Georges Kloz,violin,False,,Pascouret,400,,,01/07/1921,1000,"Lyon & Healy, Chicago","Lyon & Healy (Chicago), premier American musical instrument dealer and harp maker",private,,,trade,Lyon & Healy (Chicago)?,verified,False,B2B,150.0,,,,,,,,,Caressa & Français / Émile Français
93,Jaquot à Paris,violin,False,,Dette,450,,,30/03/1923,3000,Thibaut à Bordeaux,Private Client / Regional Buyer,private,,,private,,,False,B2C,566.7,,,,,,,,,Caressa & Français / Émile Français
94,St. Barbé,violin,False,,,250,,,04/07/1925,1000,Vergdel à Paris,Private Client / Regional Buyer,private,,,private,,,False,B2C,300.0,,,,,,,,,Caressa & Français / Émile Français
95,"Thier, Vienne 1791",violin,False,Vendu comme Widlam,"Deutscher, Paris",700,,,27/12/1922,3000,"Lyon & Healy, Chicago","Lyon & Healy (Chicago), premier American musical instrument dealer and harp maker",trade,Deutscher (Paris),verified,trade,Lyon & Healy (Chicago)?,verified,False,B2B,328.6,,,,,,,,,Caressa & Français / Émile Français
96,C & F. N° 116. 1904,violin,False,,Salomon à Metz,500,,,30/11/1920,1900,Wekers à Paris,Private Client / Regional Buyer,trade,Salomon (Metz),verified,private,,,False,B2C,280.0,,,,,,,,,Caressa & Français / Émile Français
97,Gand & Bern! Frères 1880,violin,False,,Gastro à Paris,1000,,,21/11/2022,1500,Sanz à Madrid,Private Client / Regional Buyer,private,,,trade,Sanz (Madrid),verified,False,B2B,50.0,,,,,,,,,Caressa & Français / Émile Français
98,Allemand école Kloz,violin,False,,Lepêtre à Versailles,175,,,01/07/1921,1000,"Lyon & Healy, Chicago","Lyon & Healy (Chicago), premier American musical instrument dealer and harp maker",private,,,trade,Lyon & Healy (Chicago)?,verified,False,B2B,471.4,,,,,,,,,Caressa & Français / Émile Français
99,Nicolas Chappuy 1770,violin,False,,,350,,,01/03/1922,1200,"Lyon & Healy, Chicago","Lyon & Healy (Chicago), premier American musical instrument dealer and harp maker",private,,,trade,Lyon & Healy (Chicago)?,verified,False,B2B,242.9,,,,,,,,,Caressa & Français / Émile Français
100,Frébrunet,violin,False,,V_e Fillois à Paris,250,,,12/06/1922,800,Stern à New-York,"Stern (New York), prominent American rare instrument dealer/collector",private,,,trade,Stern (New York),verified,False,B2B,220.0,,,,,,,,,Caressa & Français / Émile Français
101,Vieux Paris m! Frébrunet,violin,False,,Grandguillaume à Paris,400,250.0,650.0,02/03/1928,2500,Lisboa à Rio de Janeiro,Private Client / Regional Buyer,private,,,private,,,False,B2C,284.6,,,,,,,,,Caressa & Français / Émile Français
102,Vieux Paris m! Panormo,violin,False,,Suaret à Paris,200,,,01/02/1921,2500,Stern à New-York,"Stern (New York), prominent American rare instrument dealer/collector",private,,,trade,Stern (New York),verified,False,B2B,1150.0,,,,,,,,,Caressa & Français / Émile Français
103,Gand & Bern! 1868,violin,False,,Vatelot à Paris,1000,,,29/04/1930,5000,P. Merking à Copenhague,Private Client / Regional Buyer,trade,Vatelot (Paris),verified,private,,,False,B2C,400.0,,E.981.8.30 row 70 (exact),"April 29, 1930","Monsieur Paul Merling, Luthier, Vestergade 11 à Copenhague (Danemark)","1 Violon de Gand & Bernardel Frères, Luthiers de la musique de l'Empereur et du Conservatoire de Musique N° 451, Paris 1868 (1 violin by Gand & Bernardel Frères, makers to the Emperor's music and the Conservatoire de Musique, No. 451, Paris 1868)",5000.0,,,Caressa & Français / Émile Français
104,H. Derazey,violin,False,,Vatelot à Paris,400,,,20/11/1920,1000,Stahl au Havre,Private Client / Regional Buyer,trade,Vatelot (Paris),verified,private,,,False,B2C,150.0,,,,,,,,,Caressa & Français / Émile Français
105,Louvet à Paris,violin,False,,Beare à Londres,300,350.0,650.0,01/03/1922,2500,"Lyon & Healy, Chicago","Lyon & Healy (Chicago), premier American musical instrument dealer and harp maker",trade,John & Arthur Beare (London),verified,trade,Lyon & Healy (Chicago)?,verified,False,B2B,284.6,,,,,,,,,Caressa & Français / Émile Français
106,Telesphore Barbé,violin,False,,Feuillet à Paris,300,150.0,450.0,22/08/1922,1200,Léouil à Oran,Private Client / Regional Buyer,private,,,private,,,False,B2C,166.7,,,,,,,,,Caressa & Français / Émile Français
107,Pernot Fleury 1750,violin,False,,Vatelot à Paris,250,,,10/09/1920,1000,Nadrat à Bordeaux,Private Client / Regional Buyer,trade,Vatelot (Paris),verified,trade,Nadrat (Périgueux/Bordeaux),verified,False,B2B,300.0,,,,,,,,,Caressa & Français / Émile Français
108,Charette m! Breton,violin,False,,Vatelot à Paris,250,,,01/03/1922,700,Lyon & Healy à Chicago,"Lyon & Healy (Chicago), premier American musical instrument dealer and harp maker",trade,Vatelot (Paris),verified,trade,Lyon & Healy (Chicago)?,verified,False,B2B,180.0,,,,,,,,,Caressa & Français / Émile Français
109,"Benois Fleury, Paris 1747",violin,False,,,250,,,17/06/1920,1200,Rouchet à Paris,Private Client / Regional Buyer,private,,,private,,,False,B2C,380.0,,,,,,,,,Caressa & Français / Émile Français
110,V_x Français,violin,False,,Vatelot à Paris,400,,,01/03/1922,1500,Lyon & Healy à Chicago,"Lyon & Healy (Chicago), premier American musical instrument dealer and harp maker",trade,Vatelot (Paris),verified,trade,Lyon & Healy (Chicago)?,verified,False,B2B,275.0,,,,,,,,,Caressa & Français / Émile Français
111,Mirecourt,violin,False,,Vatelot à Paris,350,250.0,600.0,05/05/1922,1250,Follet à St Germain,Private Client / Regional Buyer,trade,Vatelot (Paris),verified,private,,,False,B2C,108.3,,,,,,,,,Caressa & Français / Émile Français
112,"Thier, Vienne 1791",violin,False,01/02/1916,Dubreuil 116rue Lauriston,1500,15.0,1515.0,12/07/1921,5500,Maison à Châlons s/Marne,Private Client / Regional Buyer,private,,,private,,,False,B2C,263.0,1988.0,,,,,,,,Caressa & Français / Émile Français
113,Ch. Claudot,violin,False,,Vatelot à Paris,400,100.0,500.0,14/03/1929,3000,W. Duboille à Levallois,Private Client / Regional Buyer,trade,Vatelot (Paris),verified,private,,,False,B2C,500.0,,,,,,,,,Caressa & Français / Émile Français
114,Nicolas,violin,False,,Joseph Fillois à Paris,200,,,24/02/1921,800,Stern à New-York,"Stern (New York), prominent American rare instrument dealer/collector",private,,,trade,Stern (New York),verified,False,B2B,300.0,,,,,,,,,Caressa & Français / Émile Français
115,,violin,False,,,200,,,26/03/1923,500,Gravingaard à Copenhague,"Gravengaard (Copenhagen), prominent Danish violin dealer",private,,,private,,,False,B2C,150.0,,,,,,,,,Caressa & Français / Émile Français
116,Kloz,violin,False,,Delaché à Paris,450,,,05/03/1921,2500,Kruis à Enghien,Private Client / Regional Buyer,private,,,private,,,False,B2C,455.6,,,,,,,,,Caressa & Français / Émile Français
117,Breton né Bresseau... Angers,violin,False,,Vatelot à Paris,350,,,22/11/2019,2988,"Mme Cousin, Montereau",Private Client / Regional Buyer,trade,Vatelot (Paris),verified,private,,,False,B2C,753.7,,,,,,,,,Caressa & Français / Émile Français
118,3/4Mirecourt,violin,False,,,75,100.0,175.0,22/08/1925,350,Comptant,Private Client / Regional Buyer,private,,,private,,,False,B2C,100.0,,,,,,,,,Caressa & Français / Émile Français
119,Collin-Mézin 1881,violin,False,,,200,,,19/03/1921,1200,Mallié à Paris,Private Client / Regional Buyer,private,,,private,,,False,B2C,500.0,,,,,,,,,Caressa & Français / Émile Français
120,Breton,violin,False,,Vatelot à Paris,375,125.0,500.0,26/03/1923,800,Gravingaard à Copenhague,"Gravengaard (Copenhagen), prominent Danish violin dealer",trade,Vatelot (Paris),verified,private,,,False,B2C,60.0,,,,,,,,,Caressa & Français / Émile Français
121,Chevrier,violin,False,,,375,,,01/07/1921,700,"Lyon & Healy, Chicago","Lyon & Healy (Chicago), premier American musical instrument dealer and harp maker",private,,,trade,Lyon & Healy (Chicago)?,verified,False,B2B,86.7,,,,,,,,,Caressa & Français / Émile Français
122,Chappuy,violin,False,,,100,,,02/03/1926,200,Veuve Guillousteau,Private Client / Regional Buyer,private,,,private,,,False,B2C,100.0,,,,,,,,,Caressa & Français / Émile Français
123,Mirecourt ornementé,violin,False,,Dinthiagy à Paris,75,,,15/10/1920,400,Pault de Bourges,Private Client / Regional Buyer,private,,,private,,,False,B2C,433.3,,,,,,,,,Caressa & Français / Émile Français
124,Allemand ancien,violin,False,,"Meyer """,250,,,20/05/1921,1000,Hardy à Paris,Private Client / Regional Buyer,private,,,private,,,False,B2C,300.0,,,,,,,,,Caressa & Français / Émile Français
125,V_ve Mirecourt,violin,False,,,100,150.0,250.0,11/04/1921,1000,de la Piarre de Santeuil,Private Client / Regional Buyer,private,,,private,,,False,B2C,300.0,,,,,,,,,Caressa & Français / Émile Français
126,V_x Paris m! Castagneri,violin,False,,"Anthenac, Paris",450,,,23/07/1920,1200,Lambert à Paris,Private Client / Regional Buyer,private,,,private,,,False,B2C,166.7,,,,,,,,,Caressa & Français / Émile Français
126bis,Caressa & Français. N° 11 - 1893,violin,True,,Reboul à Marseille,500,,,24/12/1920,2225,Mermu,Private Client / Regional Buyer,private,,,private,,,False,B2C,345.0,,,,,,,,,Caressa & Français / Émile Français
127,Gustave Bernardel 1899,violin,False,,,250,,,01/12/1920,1100,Genet à Lyon,Private Client / Regional Buyer,private,,,private,,,False,B2C,340.0,,,,,,,,,Caressa & Français / Émile Français
128,Caressa & Français. N° 154- 1903,violin,True,,Roller à Paris,1000,,,16/09/1920,1800,Poilcaire à Paris,Private Client / Regional Buyer,private,,,private,,,False,B2C,80.0,,,,,,,,,Caressa & Français / Émile Français
129,Jacquot à Nancy,violin,False,,"Mellen """,250,,,20/02/1923,2500,Guillet à Vaudoy,Private Client / Regional Buyer,private,,,private,,,False,B2C,900.0,,,,,,,,,Caressa & Français / Émile Français
130,Allemand tête de lion,violin,False,,"Mellen """,100,,,01/03/1922,600,Lyon & Healy à Chicago,"Lyon & Healy (Chicago), premier American musical instrument dealer and harp maker",private,,,trade,Lyon & Healy (Chicago)?,verified,False,B2B,500.0,,,,,,,,,Caressa & Français / Émile Français
131,3/4ancien,violin,False,,"Gérasinoff """,30,,,01/06/1922,100,Comptant,Private Client / Regional Buyer,private,,,private,,,False,B2C,233.3,,,,,,,,,Caressa & Français / Émile Français
132,"Pierre Hel, Lille 1904",violin,False,,Dinthiagy à Paris,200,,,22/04/1921,400,Hel à Lille,Luthier rachette son violon,private,,,trade,Pierre Hel (Lille),verified,False,B2B,100.0,,,,,,,,,Caressa & Français / Émile Français
133,Pierre Pacherel Nice 1845,violin,False,,"Delamarre """,500,200.0,700.0,15/02/1925,3500,Balmiforger à Paris,Private Client / Regional Buyer,private,,,private,,,False,B2C,400.0,,,,,,,,,Caressa & Français / Émile Français
134,Carcassi,violin,False,,"V_e Fillois """,1350,350.0,1700.0,16/04/1921,6000,Crédit Lyonnais à Paris,Private Client / Regional Buyer,private,,,institution,Institution (bank),verified,False,B2C,252.9,,,,,,,,,Caressa & Français / Émile Français
135,Tirolien,violin,False,,"Almer """,650,250.0,900.0,11/01/1929,1500,Hammma à Stuttgart,Private Client / Regional Buyer,private,,,private,,,False,B2C,66.7,,E.981.8.30 row 92 (exact),"January 11, 1929","Hamma, Stuttgart",1 Violon ancien tyrolien (1 old Tyrolean violin),1500.0,,,Caressa & Français / Émile Français
136,"Lambert, Paris 1783",violin,False,,"Delta """,350,150.0,500.0,21/04/1922,1500,Ben Have à Cincinnati,Private Client / Regional Buyer,private,,,private,,,False,B2C,200.0,,,,,,,,,Caressa & Français / Émile Français
137,Ancien Allemand école Kloz,violin,False,,Simonetti à Nice,550,,,27/12/1923,900,"Lyon & Healy, Chicago","Lyon & Healy (Chicago), premier American musical instrument dealer and harp maker",trade,Simonetti (Nice/Boulogne),verified,trade,Lyon & Healy (Chicago)?,verified,False,B2B,63.6,,,,,,,,,Caressa & Français / Émile Français
138,Breton,violin,False,,"Renaud """,500,400.0,900.0,01/07/1921,3000,Lyon & Healy à Chicago,"Lyon & Healy (Chicago), premier American musical instrument dealer and harp maker",private,,,trade,Lyon & Healy (Chicago)?,verified,False,B2B,233.3,,,,,,,,,Caressa & Français / Émile Français
139,Maline Charotte .,violin,False,,"Largues """,100,400.0,500.0,22/12/1925,2000,Cunrick à Paris,Private Client / Regional Buyer,private,,,private,,,False,B2C,300.0,,,,,,,,,Caressa & Français / Émile Français
140,Sébastien Vuillaume,violin,False,,"V_e Fillois, Paris",900,500.0,1400.0,09/11/1925,4200,"Veuve Winterling, Strasbourg",Private Client / Regional Buyer,private,,,private,,,False,B2C,200.0,,,,,,,,,Caressa & Français / Émile Français
141,V_ve Mirecourt,violin,False,,"Renaud """,300,100.0,400.0,29/02/1924,1800,Migot à Paris,Private Client / Regional Buyer,private,,,private,,,False,B2C,350.0,,,,,,,,,Caressa & Français / Émile Français
142,H. Emil à Paris,violin,False,,"Grolleau, Angers",700,300.0,1000.0,08/09/1926,6000,W. Lewis à Chicago,"William Lewis & Son (Chicago), prestigious American violin shop and dealership",trade,Grolleau (Angers),verified,trade,William Lewis & Son (Chicago),verified,False,B2B,500.0,,E.981.8.30 row 137 (exact),"September 8, 1926","William Lewis & Son, 207 Wabash Avenue, Chicago (parti por Henry Peron)","1 violon Pierre St. Paul à Paris, rue St. André des Arts, année 1744",6000.0,,,Caressa & Français / Émile Français
143,Vieux Hollandais,violin,False,,"Quellot, Paris",150,100.0,250.0,21/08/1922,650,Sicard à Clermont Ferrand,Private Client / Regional Buyer,private,,,private,,,False,B2C,160.0,,,,,,,,,Caressa & Français / Émile Français
144,Collin-Mézin 1890,violin,False,,Grolleau à Angers,750,250.0,1000.0,15/12/1924,2000,Le Poix à Bangkok,Private Client / Regional Buyer,trade,Grolleau (Angers),verified,private,,,False,B2C,100.0,,,,,,,,,Caressa & Français / Émile Français
145,"Platner, Wegert 1740",violin,False,,Vatelot à Paris,200,,,20/06/1920,900,Nadrat à Périgueux,Private Client / Regional Buyer,trade,Vatelot (Paris),verified,trade,Nadrat (Périgueux/Bordeaux),verified,False,B2B,350.0,,,,,,,,,Caressa & Français / Émile Français
146,Vieuxx Français,violin,False,,Grolleau à Paris,300,200.0,500.0,02/04/1926,2000,E. Heisinger à Minneapolis,Private Client / Regional Buyer,trade,Grolleau (Angers),verified,private,,,False,B2C,300.0,,,,,,,,,Caressa & Français / Émile Français
147,Italien m! Testore,violin,False,,d'Oliveira à Porto,300,,,02/07/1920,2500,Wurlitzer à Cincinnati,"Rudolph Wurlitzer Co., famous American musical instrument dealer & luthier",private,,,trade,Rudolph Wurlitzer Co. (Cincinnati/NY),verified,False,B2B,733.3,,,,,,,,,Caressa & Français / Émile Français
148,Didelot,violin,False,,Grolleau à Angers,300,,,01/07/1921,600,Lyon & Healy à Chicago,"Lyon & Healy (Chicago), premier American musical instrument dealer and harp maker",trade,Grolleau (Angers),verified,trade,Lyon & Healy (Chicago)?,verified,False,B2B,100.0,,,,,,,,,Caressa & Français / Émile Français
149,J. B. Vuillaume,violin,False,,Herbert à Dinard,1250,,,21/05/1921,3000,Vatelot à Paris,"Vatelot (Paris), legendary French luthier and bow expert family",private,,,trade,Vatelot (Paris),verified,False,B2B,140.0,,,,,,,,,Caressa & Français / Émile Français
150,Gustave Bernardel 1895,violin,False,,Bernheim à Paris,400,,,29/01/1927,5000,Fléchelle à Neuilly s/Seine,Private Client / Regional Buyer,private,,,private,,,False,B2C,1150.0,,,,,,,,,Caressa & Français / Émile Français
151,Vieux Français,violin,False,,Levert à Angers,300,,,01/07/1921,800,"Lyon & Healy, Chicago","Lyon & Healy (Chicago), premier American musical instrument dealer and harp maker",private,,,trade,Lyon & Healy (Chicago)?,verified,False,B2B,166.7,,,,,,,,,Caressa & Français / Émile Français
152,Chappuy,violin,False,,Grolleau à Angers,250,,,01/07/1921,1000,"Lyon & Healy, Chicago","Lyon & Healy (Chicago), premier American musical instrument dealer and harp maker",trade,Grolleau (Angers),verified,trade,Lyon & Healy (Chicago)?,verified,False,B2B,300.0,,,,,,,,,Caressa & Français / Émile Français
153,Pillement,violin,False,,Grolleau à Angers,250,,,01/03/1922,700,"Lyon & Healy, Chicago","Lyon & Healy (Chicago), premier American musical instrument dealer and harp maker",trade,Grolleau (Angers),verified,trade,Lyon & Healy (Chicago)?,verified,False,B2B,180.0,,,,,,,,,Caressa & Français / Émile Français
153bis,"de Casabona, Paris 1884",violin,False,,Comptant,75,,,01/02/1923,400,Comptant / Mme Canard Montereau,Private Client / Regional Buyer,private,,,private,,,False,B2C,433.3,,,,,,,,,Caressa & Français / Émile Français
154,Derazey,violin,False,,Grolleau à Angers,500,,,,,,,trade,Grolleau (Angers),verified,private,,,False,B2C,,,,,,,,,,Caressa & Français / Émile Français
155,"Nicolai Bianchi, Cimi 1856",violin,False,,Rovis à Nice,1000,,,26/11/1924,5000,"Dale Purves à St Louis, Mo.",Private Client / Regional Buyer,trade,François Bovis (Nice),verified,private,,,False,B2C,400.0,,,,,,,,,Caressa & Français / Émile Français
156,Allemand m! Kloz,violin,False,,Delta à Paris,300,,,01/02/1921,1200,Stern à New York,"Stern (New York), prominent American rare instrument dealer/collector",private,,,trade,Stern (New York),verified,False,B2B,300.0,,,,,,,,,Caressa & Français / Émile Français
157,Italien moderne,violin,False,,Weiss à Paris,250,,,19/01/1921,800,Saur à Lormes,Private Client / Regional Buyer,private,,,private,,,False,B2C,220.0,,,,,,,,,Caressa & Français / Émile Français
158,H. Jean Mirecourt,violin,False,,Weiss à Paris,250,,,31/10/2022,500,"Gravingaard, Copenhague","Gravengaard (Copenhagen), prominent Danish violin dealer",private,,,private,,,False,B2C,100.0,,,,,,,,,Caressa & Français / Émile Français
159,David Buschstetter,violin,False,,Weiss à Paris,500,,,01/03/1922,1200,"Lyon & Healy, Chicago","Lyon & Healy (Chicago), premier American musical instrument dealer and harp maker",private,,,trade,Lyon & Healy (Chicago)?,verified,False,B2B,140.0,,,,,,,,,Caressa & Français / Émile Français
160,Pierre Flambeau,violin,False,,Weiss à Paris,250,,,01/02/1921,500,Stern à New York,"Stern (New York), prominent American rare instrument dealer/collector",private,,,trade,Stern (New York),verified,False,B2B,100.0,,,,,,,,,Caressa & Français / Émile Français
161,H. Derazey,violin,False,,Grolleau à Angers,700,,,04/12/1925,2000,D_r Sentourons à Paris,Private Client / Regional Buyer,trade,Grolleau (Angers),verified,private,,,False,B2C,185.7,,,,,,,,,Caressa & Français / Émile Français
162,Miremont 1881,violin,False,,Grolleau à Angers,600,300.0,900.0,18/12/1929,4500,Maréchal à Alger,Private Client / Regional Buyer,trade,Grolleau (Angers),verified,private,,,False,B2C,400.0,,E.981.8.30 row 64 (exact),"December 18, 1929","Marichal, Alger (Algiers)","1 Violon ancien français de Miremont à Paris, année 1881 (1 old French violin by Miremont, Paris, year 1881)",4500.0,,,Caressa & Français / Émile Français
163,V Français Benoist Fleury,violin,False,,Grolleau à Angers,300,,,20/10/1921,2500,Truduit de Sanicourt à Compiègne,Private Client / Regional Buyer,trade,Grolleau (Angers),verified,private,,,False,B2C,733.3,,,,,,,,,Caressa & Français / Émile Français
164,V_ve Paris,violin,False,,Grolleau à Angers,250,500.0,750.0,01/07/1921,1000,"Lyon & Healy, Chicago","Lyon & Healy (Chicago), premier American musical instrument dealer and harp maker",trade,Grolleau (Angers),verified,trade,Lyon & Healy (Chicago)?,verified,False,B2B,33.3,,,,,,,,,Caressa & Français / Émile Français
165,Benoist Fleury 1765,violin,False,,Grolleau à Angers,450,1050.0,1500.0,23/05/1930,6000,Madame Edouard Bourguet à Bruxelles,Private Client / Regional Buyer,trade,Grolleau (Angers),verified,private,,,False,B2C,300.0,,,,,,,,,Caressa & Français / Émile Français
166,Bernardel père 1835,violin,False,,"Arnould Galopin, Paris",800,,,27/03/1923,2500,Dumas à Paris,Private Client / Regional Buyer,private,,,private,,,False,B2C,212.5,,,,,,,,,Caressa & Français / Émile Français
167,"J. B. Vuillaume, copie Guarnerius",violin,False,,Mazeran à Paris,3000,,,23/02/1921,3300,Vidoudez à Genève,"Pierre Vidoudez (Geneva), famous Swiss violin maker and expert",private,,,trade,Pierre Vidoudez (Geneva),verified,False,B2B,10.0,,,,,,,,,Caressa & Français / Émile Français
168,"J. B. Vuillaume, copie Messie",violin,False,,Mazeran à Paris,3000,,,,3300,Vidoudez à Genève,"Pierre Vidoudez (Geneva), famous Swiss violin maker and expert",private,,,trade,Pierre Vidoudez (Geneva),verified,False,B2B,10.0,,,,,,,,,Caressa & Français / Émile Français
169,Kloz,violin,False,,Hens,500,400.0,900.0,06/10/2022,2250,Mauthy à Neu-le-Moutier (Suisse),Private Client / Regional Buyer,private,,,private,,,False,B2C,150.0,,,,,,,,,Caressa & Français / Émile Français
170,"G. B. Ruggeri, Brescia 1705",violin,False,,Vipelle à Paris,9000,,,06/03/1925,20000,Hennig à Dresde,Private Client / Regional Buyer,private,,,private,,,False,B2C,122.2,,,,,,,,,Caressa & Français / Émile Français
171,Omobono Stradivarius,violin,False,,Maître à Paris,15000,,,22/01/1923,35000,Stern à New-York,"Stern (New York), prominent American rare instrument dealer/collector",private,,,trade,Stern (New York),verified,False,B2B,133.3,,,,,,,,,Caressa & Français / Émile Français
172,"A. Gragnani, Livourne 1784",violin,False,,"Charmelet, Paris",2500,,,01/07/1921,6500,"Lyon & Healy, Chicago","Lyon & Healy (Chicago), premier American musical instrument dealer and harp maker",private,,,trade,Lyon & Healy (Chicago)?,verified,False,B2B,160.0,,,,,,,,,Caressa & Français / Émile Français
173,"B. Bambi, Florence 1769",violin,False,,"Melle Meyer, """,3000,,,19/03/1921,5000,Safarqe à Paris,Private Client / Regional Buyer,private,,,private,,,False,B2C,66.7,,,,,,,,,Caressa & Français / Émile Français
174,"C&T Landolphi, Milan 1758",violin,False,,"Hamma, Stuttgart",4000,,,04/10/1921,16000,Paul Fiche à Genève,Private Client / Regional Buyer,trade,Hamma & Co. (Stuttgart),verified,private,,,False,B2C,300.0,,,,,,,,,Caressa & Français / Émile Français
175,"Tomaso Eberle, Naples 1773",violin,False,,"Fiorini, Munich",2000,,,19/01/1925,3500,Luggert à Hambourg,Private Client / Regional Buyer,trade,Giuseppe Fiorini (Munich),verified,private,,,False,B2C,75.0,,,,,,,,,Caressa & Français / Émile Français
176,"Camillus Camilli, Mantoue 1739",violin,False,,Chanut à Londres,2650,,,01/07/1921,10000,"Lyon & Healy, Chicago","Lyon & Healy (Chicago), premier American musical instrument dealer and harp maker",trade,Chanot (London)?,verified,trade,Lyon & Healy (Chicago)?,verified,False,B2B,277.4,,,,,,,,,Caressa & Français / Émile Français
177,"Nicolas Lupot, Paris 1810",violin,False,,Raffin de Lyon,6000,,,28/09/1920,12250,Salomon à Metz,Private Client / Regional Buyer,private,,,trade,Salomon (Metz),verified,False,B2B,104.2,,,,,,,,,Caressa & Français / Émile Français
178,"Carlo Tononi, Venise 1732",violin,False,,H. Werro à Paris,6000,500.0,6500.0,10/07/1922,26500,Duhamel à Paris,Private Client / Regional Buyer,trade,Henry Werro (Bern),verified,private,,,False,B2C,307.7,,,,,,,,,Caressa & Français / Émile Français
179,Pressenda à Turin 1832,violin,False,,Withers à Londres,2500,,,16/01/1924,10000,Lachmann à Berlin,"Erich Lachmann (Berlin/Los Angeles), highly influential violin expert & dealer",trade,Withers (London),verified,trade,Erich Lachmann (Berlin),verified,False,B2B,300.0,,,,,,,,,Caressa & Français / Émile Français
180,"Giofredo Cappa, Saluces 1686",violin,False,,Chernel à Paris,5500,,,19/01/1925,10000,Kurasylodi à Kobé,Private Client / Regional Buyer,private,,,private,,,False,B2C,81.8,,,,,,,,,Caressa & Français / Émile Français
181,"Giovanni Grancino, Milan 1693",violin,False,,Salis à Paris,1800,,,20/06/2022,7000,Stern à New York,"Stern (New York), prominent American rare instrument dealer/collector",private,,,trade,Stern (New York),verified,False,B2B,288.9,,,,,,,,,Caressa & Français / Émile Français
182,"Fr. Ruggeri, Crémone 1675",violin,False,,Deroux à Grenoble,4000,,,19/04/1921,20000,Ermiche à Paris,Private Client / Regional Buyer,private,,,private,,,False,B2C,400.0,,,,,,,,,Caressa & Français / Émile Français
183,"Carlo Bergonzi, Crémone 1733",violin,False,,Videl à Grenoble,9000,,,30/04/1924,15000,St. Mleux à la Nouvelle-Orléans,Private Client / Regional Buyer,private,,,private,,,False,B2C,66.7,,,,,,,,,Caressa & Français / Émile Français
184,"A. Mezzadri, Ferrare 1719",violin,False,,Nagy à San Remo,1650,,,07/02/1921,6000,Blank à Paris,Private Client / Regional Buyer,private,,,private,,,False,B2C,263.6,,,,,,,,,Caressa & Français / Émile Français
185,"Carcassi, Florence 1745",violin,False,,Friseteinard à Paris,2500,,,22/09/1920,7000,Sarlin à Paris,Private Client / Regional Buyer,private,,,private,,,False,B2C,180.0,,,,,,,,,Caressa & Français / Émile Français
186,Omobono Stradivarius 1740,violin,False,,Kénépora à Paris,3000,,,27/12/1920,10000,E. van Maldeghem à Juvrisy,Private Client / Regional Buyer,private,,,private,,,False,B2C,233.3,,,,,,,,,Caressa & Français / Émile Français
187,"G. B. Ruggeri, Brescia 1694",violin,False,,Kohler à Paris,5000,,,24/01/1921,14000,Stern à New-York,"Stern (New York), prominent American rare instrument dealer/collector",private,,,trade,Stern (New York),verified,False,B2B,180.0,,,,,,,,,Caressa & Français / Émile Français
188,"Nicolas Gagliano, Naples 1748",violin,False,,"Lurnauer, Luxembourg",4500,,,01/07/1921,12000,"Lyon & Healy, Chicago","Lyon & Healy (Chicago), premier American musical instrument dealer and harp maker",private,,,trade,Lyon & Healy (Chicago)?,verified,False,B2B,166.7,,,,,,,,,Caressa & Français / Émile Français
189,"Nicolas Lupot, Paris 1797",violin,False,,Lambert à Paris,3250,,,04/10/1921,8000,Paul Fiche à Genève,Private Client / Regional Buyer,private,,,private,,,False,B2C,146.2,,,,,,,,,Caressa & Français / Émile Français
190,"G. B. Rogeri, Brescia 1702",violin,False,,Craig à Londres,11500,,,16/05/1923,40000,Otto Senn à Bâle,Private Client / Regional Buyer,private,,,private,,,False,B2C,247.8,,,,,,,,,Caressa & Français / Émile Français
191,Nicolas Gagliano Naples 1701,violin,False,,"Enel & Fils, Paris",3250,,,06/12/1923,15000,Suaret à Paris,Private Client / Regional Buyer,trade,Charles Enel & Fils (Paris),verified,private,,,False,B2C,361.5,,,,,,,,,Caressa & Français / Émile Français
192,"Joseph, Fils de André, Crémone 1705",violin,False,,Lepure à Nancy,2500,,,11/03/1921,,Donné p. Comm. in? à Stern New York,"Stern (New York), prominent American rare instrument dealer/collector",private,,,trade,Stern (New York),verified,False,B2B,,,,,,,,,,Caressa & Français / Émile Français
193,Ecole Boquay,violin,False,,Aimi Girod à Dijon,1000,,,11/10/1920,5000,Bouchstad à Paris,Private Client / Regional Buyer,private,,,private,,,False,B2C,400.0,,,,,,,,,Caressa & Français / Émile Français
194,"Matteo Goffriller, Venise 1730",violin,False,,Const à Nice,3500,,,24/02/1921,11000,Stern à New-York,"Stern (New York), prominent American rare instrument dealer/collector",private,,,trade,Stern (New York),verified,False,B2B,214.3,,,,,,,,,Caressa & Français / Émile Français
195,"G. B. Guadagnini, Parme 1770",violin,False,,Heissen à Abbeville,12000,,,15/08/1928,15000,Lachmann à Berlin,"Erich Lachmann (Berlin/Los Angeles), highly influential violin expert & dealer",private,,,trade,Erich Lachmann (Berlin),verified,False,B2B,25.0,,,,,,,,,Caressa & Français / Émile Français
196,"Matteo Goffriller, Venise",violin,False,,Delta à Paris,10000,,,17/12/1927,43000,Le Canofos à Paris,Private Client / Regional Buyer,private,,,private,,,False,B2C,330.0,,,,,,,,,Caressa & Français / Émile Français
197,"Gordanus, Gênes 1774",violin,False,,Le Rugiere à Paris,3000,,,17/03/1920,5500,Stern à New-York,"Stern (New York), prominent American rare instrument dealer/collector",private,,,trade,Stern (New York),verified,False,B2B,83.3,,,,,,,,,Caressa & Français / Émile Français
198,"A. & H. Amati, Crémone 1628",violin,False,,Withers,7000,,,19/01/1925,9000,Luggert à Hambourg,Private Client / Regional Buyer,trade,Withers (London),verified,private,,,False,B2C,28.6,,,,,,,,,Caressa & Français / Émile Français
199,"G. P. Maggini, Brescia",violin,False,,Le Brun à Paris,10000,,,01/07/1921,12000,"Lyon & Healy, Chicago","Lyon & Healy (Chicago), premier American musical instrument dealer and harp maker",private,,,trade,Lyon & Healy (Chicago)?,verified,False,B2B,20.0,,,,,,,,,Caressa & Français / Émile Français
200,G. B. Guadagnini Turin 1775,violin,False,,"Racine """,15000,,,30/11/1923,25000,"Burgin à Boston, Mass.",Private Client / Regional Buyer,private,,,private,,,False,B2C,66.7,,,,,,,,,Caressa & Français / Émile Français
201,Petrus Guarnerius Venise 1735,violin,False,,"Mazeran """,8000,500.0,8500.0,08/06/1921,22000,Seydel à Asnières,Private Client / Regional Buyer,private,,,private,,,False,B2C,158.8,,,,,,,,,Caressa & Français / Émile Français
202,Montagnana Venise 1740,violin,False,,Deroux à Grenoble,12000,,,21/01/1929,30000,Stern à New-York,"Stern (New York), prominent American rare instrument dealer/collector",private,,,trade,Stern (New York),verified,False,B2B,150.0,,,,,,,,,Caressa & Français / Émile Français
203,G. B. Guadagnini Turin 1772,violin,False,,Mazeran à Paris,15000,,,24/02/1921,25000,Stern à New-York,"Stern (New York), prominent American rare instrument dealer/collector",private,,,trade,Stern (New York),verified,False,B2B,66.7,,,,,,,,,Caressa & Français / Émile Français
204,C & F 1902,violin,False,05/03/1921,Brué à Enghien,250,,,25/10/1920,6200,Melle Pépin-Lacroix,Private Client / Regional Buyer,private,,,private,,,False,B2C,2380.0,,,,,,,,,Caressa & Français / Émile Français
205,Paolo Albani Crémone 1669,violin,False,,Charrot à Grenoble,6000,500.0,6500.0,01/05/1922,11500,"Durand, éditeur à Paris",Private Client / Regional Buyer,private,,,private,,,False,B2C,76.9,,,,,,,,,Caressa & Français / Émile Français
206,Joseph Gagliano Naples,violin,False,,Sambucy à Nîmes,10000,,,20/11/1924,19200,Stern à New-York,"Stern (New York), prominent American rare instrument dealer/collector",private,,,trade,Stern (New York),verified,False,B2B,92.0,,,,,,,,,Caressa & Français / Émile Français
207,"H_s & H_s Amati, Crémone",violin,False,,Charmelet à Paris,15000,,,20/01/1923,23500,Quatuor à Paris,Private Client / Regional Buyer,private,,,private,,,False,B2C,56.7,,,,,,,,,Caressa & Français / Émile Français
208,Italien m! André Guarnerius 1695,violin,False,,Colonel Maître à Gray,4500,,,01/07/1921,9000,"Lyon & Healy, Chicago","Lyon & Healy (Chicago), premier American musical instrument dealer and harp maker",private,,,trade,Lyon & Healy (Chicago)?,verified,False,B2B,100.0,,,,,,,,,Caressa & Français / Émile Français
209,Tyrotien,violin,False,,Hekking à Paris,800,500.0,1300.0,15/07/1926,3500,"Vendu à M_e Bostot, Paris",Private Client / Regional Buyer,musician,Hekking (Paris),verified,private,,,False,B2C,169.2,,,,,,,,,Caressa & Français / Émile Français
210,1/2 ancien Mirecourt,violin,False,,Mme Rey,40,25.0,65.0,02/02/1921,150,Vendu au Comptant,Private Client / Regional Buyer,private,,,private,,,False,B2C,130.8,,,,,,,,,Caressa & Français / Émile Français
211,"3/4""",violin,False,,Mme Rey,40,,,23/02/1926,350,Clauzure à Paris,Private Client / Regional Buyer,private,,,private,,,False,B2C,775.0,,,,,,,,,Caressa & Français / Émile Français
212,Caressa & Français . N° 296,violin,True,24/02/1921,Villette à Tours,600,300.0,900.0,,,,,private,,,private,,,False,B2C,,,,,,,,,,Caressa & Français / Émile Français
213,V_ve Mirecourt,violin,False,04/03/1921,Hekking to Paris,200,200.0,400.0,20/06/1923,1000,M_r Lara à Paris,Private Client / Regional Buyer,musician,Hekking (Paris),verified,private,,,False,B2C,150.0,838.0,,,,,,,,Caressa & Français / Émile Français
215,A. Stradivarius 1721,violin,False,12/07/1920,S_r Brun à Paris,65000,,,03/09/1923,70000,Emil Hamma à Stuttgart,"Hamma & Co. (Stuttgart), world-renowned German violin experts and dealers",private,,,trade,Hamma & Co. (Stuttgart),verified,False,B2B,7.7,1148.0,,,,,,,,Caressa & Français / Émile Français
216,A. Stradivarius 1702,violin,False,18/12/1920,Audisio Delta Paris,15000,2000.0,17000.0,05/04/1923,45000,Vendu Stern New-York,"Stern (New York), prominent American rare instrument dealer/collector",private,,,trade,Stern (New York),verified,False,B2B,164.7,838.0,,,,,,,,Caressa & Français / Émile Français
217,G. B. Gabrielli 1767,violin,False,12/12/1920,Secret à Angers,4500,,,02/03/1921,15000,"G. Declerck, Paris",Private Client / Regional Buyer,private,,,private,,,False,B2C,233.3,80.0,,,,,,,,Caressa & Français / Émile Français
218,Chappuy,violin,False,,,350,,,11/04/1921,2845,Dohl à Stockholm,Private Client / Regional Buyer,private,,,private,,,False,B2C,712.9,,,,,,,,,Caressa & Français / Émile Français
219,André Guarnerius 1683,violin,False,04/03/1921,Magnien à Paris,6600,500.0,7100.0,01/07/1921,12000,"Lyon & Healy, Chicago","Lyon & Healy (Chicago), premier American musical instrument dealer and harp maker",private,,,trade,Lyon & Healy (Chicago)?,verified,False,B2B,69.0,119.0,,,,,,,,Caressa & Français / Émile Français
220,Antoniazzi,violin,False,17/03/1921,Milano à Enghien,800,175.0,975.0,01/07/1921,2250,Capitaine Frat à Tunis,Private Client / Regional Buyer,private,,,private,,,False,B2C,130.8,106.0,,,,,,,,Caressa & Français / Émile Français
221,Caressa & Français .448. 1913,violin,True,23/03/1921,Gouhandeau à Paris,600,,,24/08/1921,2050,Auriol à Lorient,Private Client / Regional Buyer,private,,,private,,,False,B2C,241.7,154.0,,,,,,,,Caressa & Français / Émile Français
222,Ancien Allemand,violin,False,07/04/1921,"Lepure, St Pierre lès Bitry [?]",200,,,01/03/1922,1000,"Lyon & Healy, Chicago","Lyon & Healy (Chicago), premier American musical instrument dealer and harp maker",private,,,trade,Lyon & Healy (Chicago)?,verified,False,B2B,400.0,328.0,,,,,,,,Caressa & Français / Émile Français
223,Sébastien Kloz,violin,False,07/04/1921,"Lepure, St Pierre lès Bitry [?]",200,,,01/07/1921,1000,"Lyon & Healy, Chicago","Lyon & Healy (Chicago), premier American musical instrument dealer and harp maker",private,,,trade,Lyon & Healy (Chicago)?,verified,False,B2B,400.0,85.0,,,,,,,,Caressa & Français / Émile Français
224,V_ve Mirecourt,violin,False,11/04/1921,de Nanteuil,150,100.0,250.0,09/03/1921,450,Willaume à Paris,Private Client / Regional Buyer,private,,,private,,,False,B2C,80.0,,,,,,,,,Caressa & Français / Émile Français
225,V_ve tyrolien,violin,False,25/04/1921,Logen à Boissarel,300,1200.0,1500.0,13/02/1928,8000,Van Hoolystonyn à Baltimore,Private Client / Regional Buyer,private,,,private,,,False,B2C,433.3,2485.0,E.981.8.30 row 87 (exact),"October 16, 1928","Mr. J. C. Van Hulsteyn, 201 W. Madison Street à Baltimore (Maryland) U.S.A.","1 Violon ancien italien, portant une étiquette de Mateo Goffriler à Venise 1721 (1 old Italian violin, bearing a label of Mateo Goffriler, Venice 1721)",8000.0,,,Caressa & Français / Émile Français
226,Italien petit patron,violin,False,26/04/1921,Vidral La Haye,1000,,,08/12/1921,2600,Paul Dupuy à Paris,Private Client / Regional Buyer,private,,,private,,,False,B2C,160.0,226.0,,,,,,,,Caressa & Français / Émile Français
227,Ancien Hollandais,violin,False,28/04/1921,G. Secret à Angers,2000,500.0,2500.0,09/12/1930,5500,Vendu Maréchal à Alger,Private Client / Regional Buyer,private,,,private,,,False,B2C,120.0,3512.0,E.981.8.30 row 56 (exact),"December 8, 1930",Marichal à Alger,"1 Violon ancien flamand de J. H. Rottenburgh, Bruxelles, année 1753 (1 old Flemish violin by J. H. Rottenburgh, Brussels, year 1753)",5500.0,,,Caressa & Français / Émile Français
228,Barbé d'Avallon,violin,False,28/04/1921,L. Gachie à Cahors,200,100.0,300.0,13/12/1921,490,"M_me Coupry, Chalons s/Marne",Private Client / Regional Buyer,private,,,private,,,False,B2C,63.3,229.0,,,,,,,,Caressa & Français / Émile Français
229,Vieux Paris,violin,False,29/04/1921,,400,50.0,450.0,29/06/1921,1200,"Nadrat, Lutherie à Périgueux",Private Client / Regional Buyer,private,,,trade,Trade (lutherie),verified,False,B2B,166.7,61.0,,,,,,,,Caressa & Français / Émile Français
230,Mirecourt I_m son,violin,False,09/05/1921,Venot à Paris,150,,,14/08/1924,600,M_r Befflor à Bellamont,Private Client / Regional Buyer,private,,,private,,,False,B2C,300.0,1193.0,,,,,,,,Caressa & Français / Émile Français
231,"Gosselin, Paris 1826",violin,False,11/05/1921,Nadaud à Paris,1800,250.0,2050.0,24/01/1923,5500,Mme Boullier à Céris,Private Client / Regional Buyer,private,,,private,,,False,B2C,168.3,623.0,,,,,,,,Caressa & Français / Émile Français
232,Ancien Allemand,violin,False,18/05/1921,Topat à Paris,400,,,02/01/1924,2000,M. Jaudouin à Meaux,Private Client / Regional Buyer,private,,,private,,,False,B2C,400.0,959.0,,,,,,,,Caressa & Français / Émile Français
233,Caressa & Français n479 1911,violin,True,19/05/1921,Mme Vallée à Paris,500,,,23/06/1923,2500,M. Courtsbœuf à St Germain en Laye,Private Client / Regional Buyer,private,,,private,,,False,B2C,400.0,765.0,,,,,,,,Caressa & Français / Émile Français
234,"H. Silvestre, Lyon 1866",violin,False,06/06/1921,Dr Tallot à Lyon,1200,,,04/07/1923,1800,Vatelot à Paris,"Vatelot (Paris), legendary French luthier and bow expert family",private,,,trade,Vatelot (Paris),verified,False,B2B,50.0,758.0,,,,,,,,Caressa & Français / Émile Français
235,"M. Gail, Salzbourg.",violin,False,06/06/1921,Dr Tallot à Lyon,2200,300.0,2500.0,29/09/1921,4345,Pineiro Sorondo à Buenos-Aires,Private Client / Regional Buyer,private,,,private,,,False,B2C,73.8,115.0,,,,,,,,Caressa & Français / Émile Français
236,Vieux Paris,violin,False,06/06/1921,Dr Tallot à Lyon,300,700.0,1000.0,11/06/1928,3000,Rotti à San Francisco,Private Client / Regional Buyer,private,,,private,,,False,B2C,200.0,2562.0,,,,,,,,Caressa & Français / Émile Français
237,"Nicolas, Paris 1811",violin,False,06/06/1921,Const. à Lyon,4000,500.0,4500.0,20/12/1921,7500,Miss Faulkner à Boston,Private Client / Regional Buyer,private,,,private,,,False,B2C,66.7,197.0,,,,,,,,Caressa & Français / Émile Français
238,Breton Mirecourt,violin,False,06/06/1921,Dr Tallot à Lyon,350,50.0,400.0,21/06/1925,1050,Mme Moulin à Diego-Suarez,Private Client / Regional Buyer,private,,,private,,,False,B2C,162.5,1476.0,,,,,,,,Caressa & Français / Émile Français
239,Ecole Tyrolienne,violin,False,06/06/1921,Dr Tallot à Lyon,200,,,01/03/1922,2000,"Lyon & Healy, Chicago","Lyon & Healy (Chicago), premier American musical instrument dealer and harp maker",private,,,trade,Lyon & Healy (Chicago)?,verified,False,B2B,900.0,268.0,,,,,,,,Caressa & Français / Émile Français
240,"F. Le Jeune, Paris 1757",violin,False,06/06/1921,Boulangeot à Lyon,1500,,,01/07/1921,3000,"Lyon & Healy, Chicago","Lyon & Healy (Chicago), premier American musical instrument dealer and harp maker",trade,Émile Boulangeot (Lyon/Paris),verified,trade,Lyon & Healy (Chicago)?,verified,False,B2B,100.0,25.0,,,,,,,,Caressa & Français / Émile Français
241,"L. & T. Carcassi, Florence",violin,False,06/06/1921,Boulangeot à Lyon,5000,250.0,5250.0,20/07/1922,7750,Caquet à Paris,Private Client / Regional Buyer,trade,Émile Boulangeot (Lyon/Paris),verified,private,,,False,B2C,47.6,409.0,,,,,,,,Caressa & Français / Émile Français
242,Nicolas Gagliano,violin,False,08/06/1921,Thomas à Paris,9000,,,11/08/1922,25000,Béru à Alger,Private Client / Regional Buyer,private,,,private,,,False,B2C,177.8,429.0,,,,,,,,Caressa & Français / Émile Français
243,"Claude Pierray, Paris 17",violin,False,16/06/1921,"Mélane """,1400,,,01/07/1921,4000,"Lyon & Healy, Chicago","Lyon & Healy (Chicago), premier American musical instrument dealer and harp maker",private,,,trade,Lyon & Healy (Chicago)?,verified,False,B2B,185.7,15.0,,,,,,,,Caressa & Français / Émile Français
244,"J.B. Vuillaume, Paris 20",violin,False,20/06/1921,F. Caal à Monaco,2500,150.0,2650.0,11/10/1921,5500,Silano à Paris,Private Client / Regional Buyer,private,,,private,,,False,B2C,107.5,113.0,,,,,,,,Caressa & Français / Émile Français
245,Allemand ancien,violin,False,24/06/1921,Christian Sabatier Paris,450,,,01/03/1922,1200,"Lyon & Healy, Chicago","Lyon & Healy (Chicago), premier American musical instrument dealer and harp maker",private,,,trade,Lyon & Healy (Chicago)?,verified,False,B2B,166.7,250.0,,,,,,,,Caressa & Français / Émile Français
246,"Sébastien Vuillaume, Paris",violin,False,24/06/1921,Catherine Petit à Cuneo,1000,,,27/06/1925,1500,Chonias à Anvers,Private Client / Regional Buyer,private,,,private,,,False,B2C,50.0,1464.0,,,,,,,,Caressa & Français / Émile Français
247,Nicolas Amati 1664,violin,False,01/07/1921,Simonetti à Boulogne,7000,1000.0,8000.0,08/05/1923,25000,Kato à Paris,Private Client / Regional Buyer,trade,Simonetti (Nice/Boulogne),verified,private,,,False,B2C,212.5,676.0,,,,,,,,Caressa & Français / Émile Français
248,"J.B. Vuillaume, copie Guarnérius",violin,False,11/07/1921,Boulangeot à Lyon,3500,200.0,3700.0,31/12/1925,5000,Eunsch à Zurich,Private Client / Regional Buyer,trade,Émile Boulangeot (Lyon/Paris),verified,private,,,False,B2C,35.1,1634.0,,,,,,,,Caressa & Français / Émile Français
249,"Channot, copie Guarnérius",violin,False,01/08/1921,Signorino à Paris,1600,200.0,1800.0,17/01/1929,2800,Hamma à Stuttgart,"Hamma & Co. (Stuttgart), world-renowned German violin experts and dealers",private,,,trade,Hamma & Co. (Stuttgart),verified,False,B2B,55.6,2726.0,E.981.8.30 row 94 (exact),"January 11, 1929","Hamma, Stuttgart","1 Violon ancien français de Channot à Paris (1 old French violin by Channot, Paris)",2800.0,,,Caressa & Français / Émile Français
250,"Médard, Paris",violin,False,01/08/1921,"Guirgaud """,500,250.0,750.0,01/04/1922,3000,"Lyon & Healy, Chicago","Lyon & Healy (Chicago), premier American musical instrument dealer and harp maker",private,,,trade,Lyon & Healy (Chicago)?,verified,False,B2B,300.0,243.0,,,,,,,,Caressa & Français / Émile Français
251,St Paul à Paris,violin,False,01/08/1921,"Lévy """,1500,250.0,1750.0,16/02/1923,6000,Albert Frantz à Paris,Private Client / Regional Buyer,private,,,private,,,False,B2C,242.9,564.0,,,,,,,,Caressa & Français / Émile Français
252,"Thibout, Paris",violin,False,01/08/1921,"Lustrema """,1200,400.0,1600.0,08/01/1924,4000,Vendu à M. J. Con Hove à Cincinnati,Private Client / Regional Buyer,private,,,private,,,False,B2C,150.0,890.0,,,,,,,,Caressa & Français / Émile Français
253,Lupot Orléans,violin,False,01/08/1921,Calot à Tours,800,300.0,1100.0,28/12/1925,3500,Miss Mabel Cox à Albany,Private Client / Regional Buyer,private,,,private,,,False,B2C,218.2,1610.0,,,,,,,,Caressa & Français / Émile Français
254,Marquis de l'Air,violin,False,01/09/1921,Héring à Paris,200,75.0,275.0,15/02/1922,550,Poorthier à Auxerre,Private Client / Regional Buyer,private,,,private,,,False,B2C,100.0,167.0,,,,,,,,Caressa & Français / Émile Français
255,Breton,violin,False,01/09/1921,Sacon à Paris,200,200.0,400.0,10/11/1921,1000,Guimbaud à Paris,Private Client / Regional Buyer,private,,,private,,,False,B2C,150.0,70.0,,,,,,,,Caressa & Français / Émile Français
256,Ancien Mirecourt,violin,False,01/09/1921,Sacon à Paris,200,150.0,350.0,30/12/1921,1000,Dobos à Nogent le Rotrou,Private Client / Regional Buyer,private,,,private,,,False,B2C,185.7,120.0,,,,,,,,Caressa & Français / Émile Français
257,Schwartz Strasbourg 1840,violin,False,01/09/1921,Sacon à Paris,300,150.0,450.0,07/03/1923,1500,Riaffet à Paris,Private Client / Regional Buyer,private,,,private,,,False,B2C,233.3,552.0,,,,,,,,Caressa & Français / Émile Français
258,"Chappuy, Paris",violin,False,01/09/1921,Sacon à Paris,300,,,01/03/1923,800,"Lyon & Healy, Chicago","Lyon & Healy (Chicago), premier American musical instrument dealer and harp maker",private,,,trade,Lyon & Healy (Chicago)?,verified,False,B2B,166.7,546.0,,,,,,,,Caressa & Français / Émile Français
259,Ceruti à Crémone,violin,False,01/09/1921,Jean Luce à Grasse,2800,400.0,3200.0,20/09/1924,8000,Marcel Sallin à Paris,Private Client / Regional Buyer,private,,,private,,,False,B2C,150.0,1115.0,,,,,,,,Caressa & Français / Émile Français
260,Tyrolien l. Widhalm 1781,violin,False,01/09/1921,Delaye à Grenoble,275,1225.0,1500.0,23/06/1927,11200,Sinoff à St Cloud,Private Client / Regional Buyer,private,,,private,,,False,B2C,646.7,2121.0,,,,,,,,Caressa & Français / Émile Français
261,Moitessier,violin,False,01/09/1921,Delaye à Grenoble,175,150.0,325.0,01/03/1922,600,"Lyon & Healy, Chicago","Lyon & Healy (Chicago), premier American musical instrument dealer and harp maker",private,,,trade,Lyon & Healy (Chicago)?,verified,False,B2B,84.6,181.0,,,,,,,,Caressa & Français / Émile Français
262,Montagnana 1720,violin,False,30/09/1921,Pietro Ricci à Parme,18000,,,01/11/1923,20000,Otto Senn à Bâle,Private Client / Regional Buyer,trade,Pietro Ricci (Parma/Bergamo),verified,private,,,False,B2C,11.1,762.0,,,,,,,,Caressa & Français / Émile Français
263,Ferdinand Gagliano,violin,False,30/09/1921,Pietro Ricci à Parme,4500,1000.0,5500.0,22/06/1924,10000,M. Herbé à Paris,Private Client / Regional Buyer,trade,Pietro Ricci (Parma/Bergamo),verified,private,,,False,B2C,81.8,996.0,,,,,,,,Caressa & Français / Émile Français
264,Leandro Bisiach 1900,violin,False,30/09/1921,Pietro Ricci à Parme,1000,500.0,1500.0,14/09/1927,4500,Pedro Ruiz à Olivet (Michigan),Private Client / Regional Buyer,trade,Pietro Ricci (Parma/Bergamo),verified,private,,,False,B2C,200.0,2175.0,,,,,,,,Caressa & Français / Émile Français
265,Caressa & Français N°207,violin,True,03/10/1921,Veuve Lyon à Paris,600,300.0,900.0,,,,,trade,Lyon & Healy (Chicago)?,verified,private,,,False,B2C,,,,,,,,,,Caressa & Français / Émile Français
266,Allemand ancien,violin,False,03/10/1921,Giordano à Turin,250,50.0,300.0,25/03/1922,800,Couturier à Paris,Private Client / Regional Buyer,trade,Alberto Giordano? (Turin),verified,private,,,False,B2C,166.7,173.0,,,,,,,,Caressa & Français / Émile Français
267,J.B. Guadagnini 1754,violin,False,05/10/1921,Lanterne Boulogne S/Mer,10000,1000.0,11000.0,02/06/1924,22000,Stern à New-York,"Stern (New York), prominent American rare instrument dealer/collector",private,,,trade,Stern (New York),verified,False,B2B,100.0,971.0,,,,,,,,Caressa & Français / Émile Français
268,Postachini 1882,violin,False,06/10/1921,Pietro Ricci à Parme,800,,,26/12/1921,3500,Dr Levaditi à Paris,Private Client / Regional Buyer,trade,Pietro Ricci (Parma/Bergamo),verified,private,,,False,B2C,337.5,81.0,,,,,,,,Caressa & Français / Émile Français
269,C. F. Landolfi 1752,violin,False,06/10/1921,Pietro Ricci à Parme,14000,1000.0,15000.0,12/01/1928,50000,Th. Albert à Paris,Private Client / Regional Buyer,trade,Pietro Ricci (Parma/Bergamo),verified,private,,,False,B2C,233.3,2289.0,,,,,,,,Caressa & Français / Émile Français
270,Aldric 1838,violin,False,06/10/1921,Pietro Ricci à Parme,2500,,,17/01/1924,6500,Mlle Perreau à Paris,Private Client / Regional Buyer,trade,Pietro Ricci (Parma/Bergamo),verified,private,,,False,B2C,160.0,833.0,,,,,,,,Caressa & Français / Émile Français
271,Jacobs Amsterdam 1712,violin,False,06/10/1921,Pietro Ricci à Parme,2000,500.0,2500.0,23/02/1923,7500,Mr Kilscher à Gröllingen près Bâle,Private Client / Regional Buyer,trade,Pietro Ricci (Parma/Bergamo),verified,private,,,False,B2C,200.0,505.0,,,,,,,,Caressa & Français / Émile Français
272,Gregorio Antoniazzi,violin,False,06/10/1921,Pietro Ricci à Parme,10000,11000.0,21000.0,11/06/1929,30000,Hamma à Stuttgart,"Hamma & Co. (Stuttgart), world-renowned German violin experts and dealers",trade,Pietro Ricci (Parma/Bergamo),verified,trade,Hamma & Co. (Stuttgart),verified,False,B2B,42.9,2805.0,E.981.8.30 row 93 (exact),"January 11, 1929","Hamma, Stuttgart","1 Violon ancien italien de Gregorio Antoniazzi à Colle (1 old Italian violin by Gregorio Antoniazzi, Colle)",30000.0,,,Caressa & Français / Émile Français
273,Carlo Gagliano 1763,violin,False,13/10/1921,"M. P. Ruche, Anvers",12000,,,03/03/1924,25000,Mr Lafearie à Paris,Private Client / Regional Buyer,private,,,private,,,False,B2C,108.3,872.0,,,,,,,,Caressa & Français / Émile Français
274,Colin fils Mirecourt,violin,False,13/10/1921,"Hekking, Paris",200,50.0,250.0,09/05/1923,800,Pillouville à St Germain,Private Client / Regional Buyer,musician,Hekking (Paris),verified,private,,,False,B2C,220.0,573.0,,,,,,,,Caressa & Français / Émile Français
275,"Jacquot à Paris, copie Amati",violin,False,13/10/1921,Pierre Gand à Paris,600,150.0,750.0,20/04/1923,3000,Guyot à Paris,Private Client / Regional Buyer,trade,Pierre Gand (Paris),verified,private,,,False,B2C,300.0,554.0,,,,,,,,Caressa & Français / Émile Français
276,Gand & Bd. N°1376. 1888,violin,False,13/10/1921,Baulard & Fils à Dijon,1000,100.0,1100.0,31/12/1925,4000,Lafargue à Clermont-Fd,Private Client / Regional Buyer,private,,,private,,,False,B2C,263.6,1540.0,,,,,,,,Caressa & Français / Émile Français
277,"Lagetto, Paris 1756",violin,False,13/10/1921,Boullard à Paris,1500,250.0,1750.0,07/07/1922,5000,Coquelin à Paris,Private Client / Regional Buyer,private,,,private,,,False,B2C,185.7,267.0,,,,,,,,Caressa & Français / Émile Français
278,Charotte,violin,False,13/10/1921,Sénart à Paris,150,250.0,400.0,05/02/1923,1500,Degeorge à Paris,Private Client / Regional Buyer,trade,Sénart (Paris),verified,private,,,False,B2C,275.0,480.0,,,,,,,,Caressa & Français / Émile Français
279,"Bassot, Paris",violin,False,27/10/1921,Delah à Paris,850,250.0,1100.0,10/02/1922,4700,Crassin-Delyle à Poitiers,Private Client / Regional Buyer,private,,,private,,,False,B2C,327.3,106.0,,,,,,,,Caressa & Français / Émile Français
280,Allemand ordinaire,violin,False,25/10/1921,Brisant à Clamecy (Yonne),50,75.0,125.0,21/12/1921,400,Choumulard à Paris,Private Client / Regional Buyer,private,,,private,,,False,B2C,220.0,57.0,,,,,,,,Caressa & Français / Émile Français
281,Sébastien Vuillaume 1862,violin,False,27/10/1921,Schöngr à Würzburg,1000,,,27/09/1923,2800,Vatelot à Paris,"Vatelot (Paris), legendary French luthier and bow expert family",private,,,trade,Vatelot (Paris),verified,False,B2B,180.0,700.0,,,,,,,,Caressa & Français / Émile Français
282,J. B. Guarnérius del Gesu v. 1740,violin,False,27/10/1921,Barber à Munich,32845,,,18/02/1925,125000,Otto Senn-Greuner à Bâle,Private Client / Regional Buyer,private,,,private,,,False,B2C,280.6,1210.0,,,,,,,,Caressa & Français / Émile Français
283,J. U. Eberle Prague 1759,violin,False,27/10/1921,"Génébral Ferrey, Paris",800,450.0,1250.0,08/09/1926,5500,W. Lewis à Chicago,"William Lewis & Son (Chicago), prestigious American violin shop and dealership",private,,,trade,William Lewis & Son (Chicago),verified,False,B2B,340.0,1777.0,E.981.8.30 row 138 (exact),"September 8, 1926","William Lewis & Son, 207 Wabash Avenue, Chicago (parti por Henry Peron)","1 violon italien école Ceruti, portant une étiquette de J. B. Ceruti, Cremona, 1801",5500.0,,,Caressa & Français / Émile Français
284,J. B. Vuillaume 1867,violin,False,28/10/1921,"Ch. Leck, Versailles",2500,250.0,2750.0,22/02/1924,6500,Eunsch à Zurich,Private Client / Regional Buyer,private,,,private,,,False,B2C,136.4,847.0,,,,,,,,Caressa & Français / Émile Français
285,Mathias Hofman Anvers 1706,violin,False,31/10/1921,Mariette La Ferté Milon,650,350.0,1000.0,13/03/1925,4000,V. Paul à Bruxelles,Private Client / Regional Buyer,private,,,private,,,False,B2C,300.0,1229.0,,,,,,,,Caressa & Français / Émile Français
286,J. B. Vuillaume à Paris,violin,False,31/10/1921,L. Caremba à Paris,2000,,,20/04/1923,3000,Vatelot à Paris,"Vatelot (Paris), legendary French luthier and bow expert family",private,,,trade,Vatelot (Paris),verified,False,B2B,50.0,536.0,,,,,,,,Caressa & Français / Émile Français
287,Mansuy,violin,False,31/10/1921,Comptant,20,350.0,370.0,28/11/1924,1500,Uzziél à Paris,Private Client / Regional Buyer,private,,,private,,,False,B2C,305.4,1124.0,,,,,,,,Caressa & Français / Émile Français
288,Allemand ordinaire,violin,False,31/10/1921,Comptant,20,280.0,300.0,22/12/1925,1000,Jaunich à Paris,Private Client / Regional Buyer,private,,,private,,,False,B2C,233.3,1513.0,,,,,,,,Caressa & Français / Émile Français
289,J. B. Vuillaume à Paris,violin,False,31/10/1921,"Ved. Nadaud, Paris",2700,300.0,3000.0,01/03/1923,6200,Herbé à Paris,Private Client / Regional Buyer,private,,,private,,,False,B2C,106.7,486.0,,,,,,,,Caressa & Français / Émile Français
290,Mle en relief sur le fond,violin,False,08/11/1921,Gérard à Mirecourt,50,,,01/03/1922,200,"Lyon & Healy, Chicago","Lyon & Healy (Chicago), premier American musical instrument dealer and harp maker",trade,Gérard (Mirecourt),verified,trade,Lyon & Healy (Chicago)?,verified,False,B2B,300.0,113.0,,,,,,,,Caressa & Français / Émile Français
291,Mirecourt Charotte,violin,False,08/11/1921,Gérard à Mirecourt,175,,,01/03/1922,500,,,trade,Gérard (Mirecourt),verified,private,,,False,B2C,185.7,113.0,,,,,,,,Caressa & Français / Émile Français
292,Mirecourt,violin,False,08/11/1921,Gérard à Mirecourt,125,125.0,250.0,31/10/2022,500,"Gravengaard, Copenhague","Gravengaard (Copenhagen), prominent Danish violin dealer",trade,Gérard (Mirecourt),verified,trade,Gravengaard (Copenhagen),verified,False,B2B,100.0,357.0,,,,,,,,Caressa & Français / Émile Français
293,"Gagliano, Naples",violin,False,14/11/1921,Hertant à Paris,6500,,,24/01/1924,12500,Stern à New-York,"Stern (New York), prominent American rare instrument dealer/collector",private,,,trade,Stern (New York),verified,False,B2B,92.3,801.0,,,,,,,,Caressa & Français / Émile Français
294,"G. Pressenda, Turin 1845",violin,False,18/11/1921,Le Gall à Paris,4000,200.0,4200.0,02/12/1922,7000,Laurent à Bordeaux,Private Client / Regional Buyer,private,,,private,,,False,B2C,66.7,379.0,,,,,,,,Caressa & Français / Émile Français
295,Tononi de Venise,violin,False,19/11/1921,"Ved. Nadaud, Paris",3500,1500.0,5000.0,13/03/1925,9000,Sazuhes Guerra à Barcelone,Private Client / Regional Buyer,private,,,private,,,False,B2C,80.0,1210.0,,,,,,,,Caressa & Français / Émile Français
296,Grancino à Milan,violin,False,19/11/1921,Maughetti à Paris,4000,750.0,4750.0,16/01/1924,10800,Kachnaun à Berlin,Private Client / Regional Buyer,private,,,private,,,False,B2C,127.4,788.0,,,,,,,,Caressa & Français / Émile Français
297,"Postiglione, Naples 1879",violin,False,30/11/1921,Ricci à Épinal,500,300.0,800.0,10/06/1926,3000,Rossi à Chicago,Private Client / Regional Buyer,trade,Pietro Ricci (Parma/Bergamo),verified,private,,,False,B2C,275.0,1653.0,,,,,,,,Caressa & Français / Émile Français
298,Pirot à Paris 1812,violin,False,06/12/1921,Delon à Paris,525,275.0,800.0,26/03/1923,1000,Gravengaard à Copenhague,"Gravengaard (Copenhagen), prominent Danish violin dealer",private,,,trade,Gravengaard (Copenhagen),verified,False,B2B,25.0,475.0,,,,,,,,Caressa & Français / Émile Français
299,Grandjon,violin,False,06/12/1921,Vve Crouselskey,500,200.0,700.0,27/02/1924,1200,Lévy-Veill à St Gallen,Private Client / Regional Buyer,private,,,private,,,False,B2C,71.4,813.0,,,,,,,,Caressa & Français / Émile Français
300,J. B. Vuillaume 1870,violin,False,06/12/1921,Vve Crouselskey,2500,,,06/06/1928,8000,(Los Angeles) Feret à,Private Client / Regional Buyer,private,,,private,,,False,B2C,220.0,2374.0,,,,,,,,Caressa & Français / Émile Français
301,Maline,violin,False,06/12/1921,"Dubourg, Paris",125,,,30/12/1921,550,Desruissaux à Paris,Private Client / Regional Buyer,private,,,private,,,False,B2C,340.0,24.0,,,,,,,,Caressa & Français / Émile Français
302,Klotz,violin,False,23/12/1921,Salmon à Paris,500,250.0,750.0,30/06/1923,2770,Alice Baslat à Paris,Private Client / Regional Buyer,private,,,private,,,False,B2C,269.3,554.0,,,,,,,,Caressa & Français / Émile Français
303,Allemand ancien,violin,False,23/12/1921,Salmon à Paris,200,,,01/03/1922,1200,"Lyon & Healy, Chicago","Lyon & Healy (Chicago), premier American musical instrument dealer and harp maker",private,,,trade,Lyon & Healy (Chicago)?,verified,False,B2B,500.0,68.0,,,,,,,,Caressa & Français / Émile Français
304,Gand & Bd Frères 1868,violin,False,23/12/1921,Ved Nadot à Dijon,1000,50.0,1050.0,30/12/1923,3200,Cempier à Marseille,Private Client / Regional Buyer,private,,,private,,,False,B2C,204.8,737.0,,,,,,,,Caressa & Français / Émile Français
305,Henry à Paris 1841,violin,False,24/12/1921,St Albin à Paris,600,650.0,1250.0,29/04/1930,5000,P. Mesting à Copenhague,Private Client / Regional Buyer,private,,,private,,,False,B2C,300.0,3048.0,E.981.8.30 row 74 (exact),"April 29, 1930","Monsieur Paul Merling, Luthier, Vestergade 11 à Copenhague (Danemark)","1 Violon par Claude Pierray, fait à Paris datée 1812 (1 violin by Claude Pierray, made in Paris, dated 1812)",5000.0,,,Caressa & Français / Émile Français
306,Vieux de tête Tyrolienne,violin,False,24/12/1921,St Albin à Paris,1650,450.0,2100.0,30/06/1923,15000,Faf à Northampton (U.S.A.),Private Client / Regional Buyer,private,,,private,,,False,B2C,614.3,553.0,,,,,,,,Caressa & Français / Émile Français
307,"Castagneri, Paris 1738",violin,False,26/12/1921,Dr Levaditi à Paris,500,,,07/12/1926,4000,Vve Caressa à Paris,Private Client / Regional Buyer,private,,,trade,Albert Caressa / Vve Caressa (Paris),verified,False,B2B,700.0,1807.0,,,,,,,,Caressa & Français / Émile Français
308,Gand & Bd Frères 1876,violin,False,17/01/1922,Caron à St-Cloud,1200,300.0,1500.0,01/09/1942,,"Mr Fridolin Hamma, Stuttgart","Hamma & Co. (Stuttgart), world-renowned German violin experts and dealers",private,,,trade,Hamma & Co. (Stuttgart),verified,False,B2B,,7532.0,,,,,,,,Caressa & Français / Émile Français
309,Fent à Paris,violin,False,17/01/1922,Champew à Paris,500,,,03/03/1923,2100,D. Bonneufant à Soissons,Private Client / Regional Buyer,private,,,private,,,False,B2C,320.0,410.0,,,,,,,,Caressa & Français / Émile Français
310,Allemand ancien,violin,False,20/01/1922,Caillet,500,300.0,800.0,29/09/1926,3500,Pohlman à St Louis Missouri,Private Client / Regional Buyer,private,,,private,,,False,B2C,337.5,1713.0,,,,,,,,Caressa & Français / Émile Français
311,Pique 1799,violin,False,20/01/1922,"Pochon, St Etienne",6000,400.0,6400.0,07/12/1922,10000,Parinet à Besançon,Private Client / Regional Buyer,private,,,private,,,False,B2C,56.2,321.0,,,,,,,,Caressa & Français / Émile Français
312,Moh thir Vienne 1713,violin,False,02/02/1922,Hôtel des Ventes,550,450.0,1000.0,19/03/1923,3600,Dutilleul à St Quentin,Private Client / Regional Buyer,trade,Hôtel des Ventes (auction),verified,private,,,False,B2C,260.0,410.0,,,,,,,,Caressa & Français / Émile Français
313,Grand père 1843,violin,False,09/02/1922,"A. Sievert, Anvers",2500,,,01/01/1925,4500,Véchot à Vevey,Private Client / Regional Buyer,private,,,private,,,False,B2C,80.0,1057.0,,,,,,,,Caressa & Français / Émile Français
314,Vieux Paris,violin,False,09/02/1922,"Crolleau """,600,1400.0,2000.0,23/12/1927,5200,"Lyon & Healy, Chicago","Lyon & Healy (Chicago), premier American musical instrument dealer and harp maker",private,,,trade,Lyon & Healy (Chicago)?,verified,False,B2B,160.0,2143.0,,,,,,,,Caressa & Français / Émile Français
315,Grandjon,violin,False,09/02/1922,A. Sievert,450,550.0,1000.0,16/05/1941,2000,"Mr Schmitt, Armio Allanaide",Private Client / Regional Buyer,private,,,occupation,German occupation buyer,verified,False,OCC,100.0,7036.0,,,,,,,,Caressa & Français / Émile Français
316,Rambau Mirecourt,violin,False,09/02/1922,Crolleau,300,,,01/03/1922,600,"Lyon & Healy, Chicago","Lyon & Healy (Chicago), premier American musical instrument dealer and harp maker",private,,,trade,Lyon & Healy (Chicago)?,verified,False,B2B,100.0,20.0,,,,,,,,Caressa & Français / Émile Français
317,Breton Mirecourt,violin,False,09/02/1922,Crolleau,200,,,01/03/1922,260,"Lyon & Healy, Chicago","Lyon & Healy (Chicago), premier American musical instrument dealer and harp maker",private,,,trade,Lyon & Healy (Chicago)?,verified,False,B2B,30.0,20.0,,,,,,,,Caressa & Français / Émile Français
318,Frebrunet à Paris,violin,False,09/02/1922,Vve de Fraguer à Cannes,100,300.0,400.0,27/03/1924,2500,Léopold Moreau à Civray s/Cher,Private Client / Regional Buyer,private,,,private,,,False,B2C,525.0,777.0,,,,,,,,Caressa & Français / Émile Français
319,Pierray à Paris,violin,False,09/02/1922,Vve de Fraguer à Cannes,100,,,09/11/1927,1000,Vendu Wurlitzer Cincinnati,"Rudolph Wurlitzer Co., famous American musical instrument dealer & luthier",private,,,trade,Rudolph Wurlitzer Co. (Cincinnati/NY),verified,False,B2B,900.0,2099.0,E.981.8.30 row 111 (exact),"November 9, 1927","The Rudolph Wurlitzer Co., New York (expédition à Mr. Voss à Berlin)",1 violon de Breton,1000.0,,,Caressa & Français / Émile Français
320,Bel Sialle 1901,violin,False,15/02/1922,Frantz à Neuilly,300,,,22/03/1922,800,"Bel, Luthier à Lille",Private Client / Regional Buyer,private,,,trade,Trade (luthier),verified,False,B2B,166.7,35.0,,,,,,,,Caressa & Français / Émile Français
321,Ancien Allemand,violin,False,15/02/1922,Martin à Paris,200,,,01/03/1922,400,"Lyon & Healy, Chicago","Lyon & Healy (Chicago), premier American musical instrument dealer and harp maker",private,,,trade,Lyon & Healy (Chicago)?,verified,False,B2B,100.0,14.0,,,,,,,,Caressa & Français / Émile Français
322,D. Tecchler à Rome,violin,False,18/02/1922,"Ostegochlevicz, Paris",1000,500.0,1500.0,14/05/1926,5000,R. Cesier à Paris,Private Client / Regional Buyer,private,,,private,,,False,B2C,233.3,1546.0,,,,,,,,Caressa & Français / Émile Français
323,Florentinus Guidantus 1727,violin,False,01/03/1922,Sacon Paris,1900,500.0,2400.0,22/04/1926,10000,Ullmann à Zurich,Private Client / Regional Buyer,private,,,private,,,False,B2C,316.7,1513.0,,,,,,,,Caressa & Français / Émile Français
324,"Grancino, Milan",violin,False,06/03/1922,"Boullon """,6000,,,24/04/1924,10000,Godonson à Manchester,Private Client / Regional Buyer,private,,,private,,,False,B2C,66.7,780.0,,,,,,,,Caressa & Français / Émile Français
325,Chabmes à Paris,violin,False,13/03/1922,"Boullon """,1500,,,01/03/1922,3000,"Lyon & Healy, Chicago","Lyon & Healy (Chicago), premier American musical instrument dealer and harp maker",private,,,trade,Lyon & Healy (Chicago)?,verified,False,B2B,100.0,,,,,,,,,Caressa & Français / Émile Français
326,Vieux Paris,violin,False,15/03/1922,Vve Fillou à Paris,600,300.0,900.0,28/02/1924,1500,Mlle Hazebrouck,Private Client / Regional Buyer,private,,,private,,,False,B2C,66.7,715.0,,,,,,,,Caressa & Français / Émile Français
327,"Frebrunet, Paris",violin,False,15/03/1922,Vve Fillou à Paris,700,350.0,1050.0,15/06/1927,3000,Mme Dolan à County-Down,Private Client / Regional Buyer,private,,,private,,,False,B2C,185.7,1918.0,,,,,,,,Caressa & Français / Émile Français
328,Vieux Paris,violin,False,15/03/1922,Vve Fillou à Paris,700,,,,,,,private,,,private,,,False,B2C,,,,,,,,,,Caressa & Français / Émile Français
329,Vt Mirecourt,violin,False,16/03/1922,Vve Fillou à Paris,250,350.0,600.0,12/08/1926,2000,Dr Nadot à Paris,Private Client / Regional Buyer,private,,,private,,,False,B2C,233.3,1610.0,,,,,,,,Caressa & Français / Émile Français
330,Breton à Mirecourt,violin,False,16/03/1922,Vve Fillou à Paris,300,,,09/12/1927,1000,Vendu Wurlitzer à Cincinnati,"Rudolph Wurlitzer Co., famous American musical instrument dealer & luthier",private,,,trade,Rudolph Wurlitzer Co. (Cincinnati/NY),verified,False,B2B,233.3,2094.0,,,,,,,,Caressa & Français / Émile Français
331,Nicolas à Mirecourt,violin,False,16/03/1922,Vve Fillou à Paris,300,400.0,700.0,03/12/1927,2000,Vendu Mme Chasseau Paris,Private Client / Regional Buyer,private,,,private,,,False,B2C,185.7,2088.0,,,,,,,,Caressa & Français / Émile Français
332,"Couturieux, Derazey",violin,False,16/03/1922,Vve Fillou à Paris,300,150.0,450.0,07/12/1925,1200,Roger Casal à Cologne,Private Client / Regional Buyer,private,,,private,,,False,B2C,166.7,1362.0,,,,,,,,Caressa & Français / Émile Français
333,Nicolas à Mirecourt,violin,False,16/03/1922,Vve Fillou à Paris,300,,,,,,,private,,,private,,,False,B2C,,,,,,,,,,Caressa & Français / Émile Français
334,Grandjon à Paris,violin,False,16/03/1922,Vve Fillou à Paris,250,,,,,,,private,,,private,,,False,B2C,,,,,,,,,,Caressa & Français / Émile Français
335,Marquis de l'Air,violin,False,16/03/1922,Vve Fillou à Paris,200,200.0,400.0,23/02/1923,1500,Mme Maurice E. Unwin à Sheffield,Private Client / Regional Buyer,private,,,private,,,False,B2C,275.0,344.0,,,,,,,,Caressa & Français / Émile Français
336,"Benoist Fleury, Paris 1769",violin,False,16/03/1922,Paul Serdet Paris,2000,250.0,2250.0,17/11/2022,6500,Labert à Paris,Private Client / Regional Buyer,private,,,private,,,False,B2C,188.9,246.0,,,,,,,,Caressa & Français / Émile Français
337,V. Panormo à Paris 1775,violin,False,16/03/1922,Paul Serdet Paris,1500,300.0,1800.0,08/09/1926,5500,W. Lewis à Chicago,"William Lewis & Son (Chicago), prestigious American violin shop and dealership",private,,,trade,William Lewis & Son (Chicago),verified,False,B2B,205.6,1637.0,E.981.8.30 row 141 (exact),"September 8, 1926","William Lewis & Son, 207 Wabash Avenue, Chicago (parti por Henry Peron)","1 violon Vincenzo Panormo fait à Paris, année 1778",5500.0,,,Caressa & Français / Émile Français
338,"Nicolas Tournier, Paris 1810",violin,False,16/03/1922,Paul Serdet Paris,1500,200.0,1700.0,27/04/1925,4000,McFechter à Chicago,Private Client / Regional Buyer,private,,,private,,,False,B2C,135.3,1138.0,,,,,,,,Caressa & Français / Émile Français
339,Jacquot à Paris,violin,False,16/03/1922,"P. Beuscher """,1037,300.0,1.337,02/03/1922,6500,Donio à Paris,Private Client / Regional Buyer,trade,Paul Beuscher (Paris),verified,private,,,False,B2C,486063.1,,,,,,,,,Caressa & Français / Émile Français
340,Nicolas Morlot Mirecourt,violin,False,16/03/1922,"P. Beuscher """,300,130.0,430.0,26/03/1923,600,Grauengaard à Copenhague,Private Client / Regional Buyer,trade,Paul Beuscher (Paris),verified,trade,Gravengaard (Copenhagen),verified,False,B2B,39.5,375.0,,,,,,,,Caressa & Français / Émile Français
341,Gand & Bd 1888,violin,False,18/03/1922,"Legouix """,1100,400.0,1500.0,,,,,private,,,private,,,False,B2C,,,,,,,,,,Caressa & Français / Émile Français
342,Michel Klotz 1752,violin,False,27/03/1922,Mlle Czernichud,800,,,09/12/1927,3125,Wurlitzer à Cincinnati,"Rudolph Wurlitzer Co., famous American musical instrument dealer & luthier",private,,,trade,Rudolph Wurlitzer Co. (Cincinnati/NY),verified,False,B2B,290.6,2083.0,E.981.8.30 row 108 (exact),"November 9, 1927","The Rudolph Wurlitzer Co., New York (expédition à Mr. Voss à Berlin)",1 violon de Klotz,3125.0,,,Caressa & Français / Émile Français
343,Horestainer,violin,False,30/03/1922,Callon à Paris,525,475.0,1000.0,17/08/1928,4000,Mme Rosai Rosa à Paris,Private Client / Regional Buyer,private,,,private,,,False,B2C,300.0,2332.0,,,,,,,,Caressa & Français / Émile Français
344,J. B. Vuillaume,violin,False,01/04/1922,Legrand,1800,,,30/09/1934,5000,Vatelot à Paris,"Vatelot (Paris), legendary French luthier and bow expert family",private,,,trade,Vatelot (Paris),verified,False,B2B,177.8,4565.0,,,,,,,,Caressa & Français / Émile Français
345,Grand père 1838,violin,False,27/04/1922,Firmin Touche Paris,4000,,,07/02/1924,10000,Courvoisier à Paris,Private Client / Regional Buyer,musician,Firmin Touche (violinist),verified,trade,J.-L. Courvoisier (Paris),verified,False,B2B,150.0,651.0,,,,,,,,Caressa & Français / Émile Français
346,Vieux français m/ Gosselin,violin,False,04/05/1922,Galvardi à St Tropez,350,150.0,500.0,01/10/2022,750,grauengaard à Copenhague,Private Client / Regional Buyer,private,,,trade,Gravengaard (Copenhagen),verified,False,B2B,50.0,150.0,,,,,,,,Caressa & Français / Émile Français
347,Ancien m/Montagnana,violin,False,06/05/1922,Weill à Strasbourg,2200,300.0,2500.0,06/10/1926,3500,Schörg à Anvers,Private Client / Regional Buyer,private,,,musician,Schörg (Antwerp),verified,False,B2C,40.0,1614.0,,,,,,,,Caressa & Français / Émile Français
348,J. B. Vuillaume copie Strad,violin,False,11/05/1922,Matolcsyha à Varsovie,2000,200.0,2200.0,30/08/1922,4000,Klenef à Genève,Private Client / Regional Buyer,private,,,private,,,False,B2C,81.8,111.0,,,,,,,,Caressa & Français / Émile Français
349,Ancien allemand,violin,False,24/05/1922,Cottiner à Bucarest,250,1.25,1500.0,29/07/1927,4500,Raynaud Collu à Paris,Private Client / Regional Buyer,private,,,private,,,False,B2C,200.0,1892.0,,,,,,,,Caressa & Français / Émile Français
350,Italien m/ Marconcini,violin,False,19/05/1922,"Mme Lecomte, Paris",1000,,,20/05/1926,3000,M. Antonin Chudlarsky à Prague,Private Client / Regional Buyer,private,,,private,,,False,B2C,200.0,1462.0,E.981.8.30 row 134 (exact),"May 20, 1926","Antonin Chudlarsky, Husova Trida 3, Praha (Postal)",1 violon italien Marconcini à Ferrare,3000.0,,,Caressa & Français / Émile Français
351,Aldric Paris 1812,violin,False,02/06/1922,"Mme Leudet, Paris",2500,1000.0,3500.0,,,,,private,,,private,,,False,B2C,,,,,,,,,,Caressa & Français / Émile Français
352,Grand Père 1831,violin,False,02/06/1922,"Mme Leudet, Paris",4500,250.0,4750.0,16/01/1924,10000,Lachmann à Berlin,"Erich Lachmann (Berlin/Los Angeles), highly influential violin expert & dealer",private,,,trade,Erich Lachmann (Berlin),verified,False,B2B,110.5,593.0,,,,,,,,Caressa & Français / Émile Français
353,1/2 Vieux Paris,violin,False,02/06/1922,"Mme Leudet, Paris",25,,,10/05/1927,800,Lewis & Son à Chicago,"William Lewis & Son (Chicago), prestigious American violin shop and dealership",private,,,trade,William Lewis & Son (Chicago),verified,False,B2B,3100.0,1803.0,,,,,,,,Caressa & Français / Émile Français
354,3/4Charles Claudot,violin,False,02/06/1922,"Mme Leudet, Paris",25,,,10/05/1927,800,Lewis & Son à Chicago,"William Lewis & Son (Chicago), prestigious American violin shop and dealership",private,,,trade,William Lewis & Son (Chicago),verified,False,B2B,3100.0,1803.0,,,,,,,,Caressa & Français / Émile Français
355,1/2 Breton,violin,False,02/06/1922,"Mme Leudet, Paris",25,,,10/05/1927,800,Lewis & Son à Chicago,"William Lewis & Son (Chicago), prestigious American violin shop and dealership",private,,,trade,William Lewis & Son (Chicago),verified,False,B2B,3100.0,1803.0,,,,,,,,Caressa & Français / Émile Français
356,Klotz,violin,False,02/06/1922,W. Knopf à Vienne,1250,,,09/12/1927,3125,Vendu Wurlitzer Cincinnati,"Rudolph Wurlitzer Co., famous American musical instrument dealer & luthier",trade,W. Knopf (Vienna),verified,trade,Rudolph Wurlitzer Co. (Cincinnati/NY),verified,False,B2B,150.0,2016.0,E.981.8.30 row 115 (exact),"November 9, 1927","The Rudolph Wurlitzer Co., New York (expédition à Mr. Voss à Berlin)",1 violon de Klotz,3125.0,,,Caressa & Français / Émile Français
357,Klotz,violin,False,02/06/1922,W. Knopf à Vienne,1250,1000.0,2250.0,08/09/1926,3500,Lewis & Son à Chicago,"William Lewis & Son (Chicago), prestigious American violin shop and dealership",trade,W. Knopf (Vienna),verified,trade,William Lewis & Son (Chicago),verified,False,B2B,55.6,1559.0,E.981.8.30 row 139 (exact),"September 8, 1926","William Lewis & Son, 207 Wabash Avenue, Chicago (parti por Henry Peron)","1 violon George Klotz in Mittenwald, 1774",3500.0,,,Caressa & Français / Émile Français
358,Klotz,violin,False,02/06/1922,W. Knopf à Vienne,1250,250.0,1500.0,30/02/1943,30000,Mr Imbert à Paris,Private Client / Regional Buyer,trade,W. Knopf (Vienna),verified,private,,,False,B2C,1900.0,,,,,,,,,Caressa & Français / Émile Français
359,Mathias Their,violin,False,02/06/1922,W. Knopf à Vienne,2000,250.0,2250.0,08/09/1926,6000,Kochendörfer à Stuttgart,Private Client / Regional Buyer,trade,W. Knopf (Vienna),verified,trade,Kochendörfer (Stuttgart),verified,False,B2B,166.7,1559.0,E.981.8.30 row 143 (exact),"September 13, 1926","Kochendörfer, Carlstrasse 9, Stuttgart","1 violon de Joannes Georgius Thir à Vienne, année 1762",6000.0,,,Caressa & Français / Émile Français
360,Januarius Gagliano,violin,False,02/06/1922,W. Knopf à Vienne,9000,500.0,9500.0,31/08/1923,12000,Lachmann à Berlin,"Erich Lachmann (Berlin/Los Angeles), highly influential violin expert & dealer",trade,W. Knopf (Vienna),verified,trade,Erich Lachmann (Berlin),verified,False,B2B,26.3,455.0,,,,,,,,Caressa & Français / Émile Français
361,"Grancino, Milan 1701",violin,False,30/08/1922,Friedman à Paris,4500,600.0,5100.0,16/01/1924,12000,Lachmann à Berlin,"Erich Lachmann (Berlin/Los Angeles), highly influential violin expert & dealer",private,,,trade,Erich Lachmann (Berlin),verified,False,B2B,135.3,504.0,,,,,,,,Caressa & Français / Émile Français
362,"C. F. Landolfus, Milan 1754",violin,False,30/08/1922,Friedman à Paris,5800,700.0,6500.0,09/07/1925,25000,Marsal à Guéret,Private Client / Regional Buyer,private,,,private,,,False,B2C,284.6,1044.0,,,,,,,,Caressa & Français / Émile Français
363,"J. B. Vuillaume, Paris 1827",violin,False,30/08/1922,Sénart à Paris,250,500.0,750.0,28/04/1923,4800,M. Hirth à Bâle,Private Client / Regional Buyer,trade,Sénart (Paris),verified,private,,,False,B2C,540.0,241.0,,,,,,,,Caressa & Français / Émile Français
364,"Violon Mirecourt, Chappuy",violin,False,30/08/1922,Sénart à Paris,100,,,13/11/1922,15000,"Mr Guillet, Rozay en Brie",Private Client / Regional Buyer,trade,Sénart (Paris),verified,private,,,False,B2C,14900.0,75.0,,,,,,,,Caressa & Français / Émile Français
365,Grandjon,violin,False,02/09/1922,Duthil à Nantes,150,200.0,350.0,13/12/1927,3000,Masson à Lons le Saulnier,Private Client / Regional Buyer,private,,,private,,,False,B2C,757.1,1928.0,,,,,,,,Caressa & Français / Émile Français
366,Tyrolien,violin,False,02/09/1922,Gieffro à Paris,1000,100.0,1110.0,28/03/1924,5000,Morel à Paris,Private Client / Regional Buyer,private,,,private,,,False,B2C,350.5,573.0,,,,,,,,Caressa & Français / Émile Français
367,Allemand ancien,violin,False,03/09/1922,Sénart à Paris,50,500.0,550.0,22/10/1925,2200,Mme Verlet à Paris,Private Client / Regional Buyer,trade,Sénart (Paris),verified,private,,,False,B2C,300.0,1145.0,,,,,,,,Caressa & Français / Émile Français
368,Mirecourt-1867,violin,False,04/09/1922,S. d'une Veuve à Paris,800,,,02/03/1926,5000,Barras à Paris,Private Client / Regional Buyer,private,,,private,,,False,B2C,525.0,1275.0,,,,,,,,Caressa & Français / Émile Français
369,Allemand ancien,violin,False,17/09/1922,Ame Bouboucher à Nîmes,180,45.0,225.0,13/12/1923,800,"Roubichou, marchand à Toulouse",Private Client / Regional Buyer,private,,,trade,Trade (marchand),verified,False,B2B,255.6,452.0,,,,,,,,Caressa & Français / Émile Français
370,Allemand ancien,violin,False,24/09/1922,"Darreup du Povenel, Paris",150,500.0,650.0,24/04/1928,3750,Bourgeault à Paris,Private Client / Regional Buyer,private,,,private,,,False,B2C,476.9,2039.0,,,,,,,,Caressa & Français / Émile Français
371,Klotz,violin,False,27/09/1922,Cherrey à Paris,570,930.0,1500.0,30/01/1943,25000,"Mr Guillet, Rozay en Brie",Private Client / Regional Buyer,private,,,private,,,False,B2C,1566.7,7430.0,,,,,,,,Caressa & Français / Émile Français
372,Silvestre 1878,violin,False,30/11/1922,Comte de Gourcy (et Frères),800,,,30/11/2022,1080,Vatelot à Paris,"Vatelot (Paris), legendary French luthier and bow expert family",private,,,trade,Vatelot (Paris),verified,False,B2B,35.0,0.0,,,,,,,,Caressa & Français / Émile Français
373,Chappuy Paris,violin,False,13/12/1922,Landy à Paris,550,250.0,800.0,,,,,private,,,private,,,False,B2C,,,,,,,,,,Caressa & Français / Émile Français
374,Storioni Crémone 1778,violin,False,05/02/1923,Laurent à Bruxelles,4500,500.0,5000.0,06/12/1925,22000,Mme Quissey Sneedon - Franklin à Paris,Private Client / Regional Buyer,private,,,private,,,False,B2C,340.0,1035.0,,,,,,,,Caressa & Français / Émile Français
375,Mathias Klotz 1684,violin,False,05/02/1923,Brial à Paris,1500,,,06/02/1923,3500,Huon à Paris,Private Client / Regional Buyer,private,,,private,,,False,B2C,133.3,1.0,,,,,,,,Caressa & Français / Émile Français
376,George Klotz 1722,violin,False,06/02/1923,Brial à Paris,750,250.0,1000.0,05/02/1924,5000,Degeorge à Paris,Private Client / Regional Buyer,private,,,private,,,False,B2C,400.0,364.0,,,,,,,,Caressa & Français / Émile Français
377,Tyrolien m/Albani 1663,violin,False,15/02/1923,Delsa à Paris,800,50.0,850.0,28/08/1924,3000,Mlle Ladig à Paris,Private Client / Regional Buyer,private,,,private,,,False,B2C,252.9,560.0,,,,,,,,Caressa & Français / Émile Français
378,Gand Frères 1866,violin,False,28/02/1923,H. Bichot à Paris,1650,50.0,1700.0,13/08/1925,4000,Mr Coüat à Orléans,Private Client / Regional Buyer,private,,,private,,,False,B2C,135.3,897.0,,,,,,,,Caressa & Français / Émile Français
379,Michel Platner Roma 1752,violin,False,28/02/1923,H. Derche Bruxelles,8850,400.0,9250.0,04/12/1924,15000,José S. Astruc à Marseille,Private Client / Regional Buyer,private,,,private,,,False,B2C,62.2,645.0,,,,,,,,Caressa & Français / Émile Français
380,Jacobs à Amsterdam,violin,False,28/03/1923,Choral à Yvetot,3000,500.0,3500.0,15/02/1924,6000,Estella à La Haye,Private Client / Regional Buyer,private,,,trade,Estella (The Hague),verified,False,B2B,71.4,324.0,,,,,,,,Caressa & Français / Émile Français
381,Fent à Paris,violin,False,29/03/1923,Jean Jacques à Grenoble,1000,400.0,1400.0,27/04/1925,4000,Fetcher à Chicago,Private Client / Regional Buyer,private,,,private,,,False,B2C,185.7,760.0,,,,,,,,Caressa & Français / Émile Français
382,Vieux Paris,violin,False,07/04/1923,Eleis à Nantes,1200,200.0,1400.0,11/04/1925,4000,Wolf à Strasbourg,Private Client / Regional Buyer,private,,,trade,S. Wolf (Strasbourg),verified,False,B2B,185.7,735.0,,,,,,,,Caressa & Français / Émile Français
383,Chanot Paris 1850,violin,False,10/04/1923,Siegfried à Paris,1800,300.0,2100.0,03/02/1924,6500,Mr Marillier à Paris,Private Client / Regional Buyer,private,,,private,,,False,B2C,209.5,299.0,,,,,,,,Caressa & Français / Émile Français
384,Claude Boirin,violin,False,23/04/1923,Crousté à Angoulême,800,1700.0,2500.0,26/01/1937,5500,Lachmann Los Angeles,"Erich Lachmann (Berlin/Los Angeles), highly influential violin expert & dealer",private,,,trade,Erich Lachmann (Berlin),verified,False,B2B,120.0,5027.0,E.981.8.30 row 24 (fuzzy),"January 26, 1937","Mr. Erich Lachmann, Los Angeles","1 Violon ancien français par Clement à Paris année 1825 (1 old French violin by Clement of Paris, year 1825)",6000.0,register 5500 vs declared 6000,confirmed discrepancy: register 5500 vs declared 6000,Caressa & Français / Émile Français
385,L. Renaudin Paris 1777,violin,False,04/05/1923,J. Borgeaud à Alger,1000,500.0,1500.0,17/01/1925,4000,Wolf à Strasbourg,Private Client / Regional Buyer,private,,,trade,S. Wolf (Strasbourg),verified,False,B2B,166.7,624.0,,,,,,,,Caressa & Français / Émile Français
386,N. Amati Crémone,violin,False,30/05/1923,Roskullad Helsingfors,5000,1500.0,6500.0,29/12/1923,30000,Sama (Japonais) à Paris,Private Client / Regional Buyer,private,,,private,,,False,B2C,361.5,213.0,,,,,,,,Caressa & Français / Émile Français
387,Vieux français,violin,False,21/06/1923,A. Blanc Paris,250,250.0,500.0,04/06/1931,1750,Bouzon à Paris,Private Client / Regional Buyer,private,,,private,,,False,B2C,250.0,2905.0,,,,,,,,Caressa & Français / Émile Français
388,J. Ph. Cordanus,violin,False,30/06/1923,Audinot à Houilles,2100,900.0,3000.0,22/12/1925,8000,Kuypers à Paris,Private Client / Regional Buyer,private,,,private,,,False,B2C,166.7,906.0,,,,,,,,Caressa & Français / Émile Français
389,Benoist-Fleury Paris 1769,violin,False,10/07/1923,Duhamel à Paris,2500,1000.0,3500.0,25/06/1924,7000,J. van Hove à Cincinnati,Private Client / Regional Buyer,private,,,private,,,False,B2C,100.0,351.0,,,,,,,,Caressa & Français / Émile Français
390,C. G. Testore de Milan,violin,False,03/08/1923,Miche à Genève,5500,500.0,6000.0,25/07/1924,25000,James Morrison à Chicago,Private Client / Regional Buyer,private,,,private,,,False,B2C,316.7,357.0,,,,,,,,Caressa & Français / Émile Français
391,P. Damichi 1759,violin,False,03/08/1923,Sanz à Madrid,3000,,,13/07/1926,15000,Vendu Mr Eugène Poiré à Paris,Private Client / Regional Buyer,trade,Sanz (Madrid),verified,private,,,False,B2C,400.0,1075.0,,,,,,,,Caressa & Français / Émile Français
392,L. Widhalm 1783,violin,False,03/09/1923,Dieulafait à Paris,3000,,,30/06/1924,10000,Bétolaud à Paris,Private Client / Regional Buyer,private,,,private,,,False,B2C,233.3,301.0,,,,,,,,Caressa & Français / Émile Français
393,Ag. Klotz,violin,False,01/10/1923,Boulangeot à Lyon,1200,,,08/09/1926,6000,Kochendörfer à Stuttgart,Private Client / Regional Buyer,trade,Émile Boulangeot (Lyon/Paris),verified,trade,Kochendörfer (Stuttgart),verified,False,B2B,400.0,1073.0,E.981.8.30 row 144 (exact),"September 13, 1926","Kochendörfer, Carlstrasse 9, Stuttgart","1 violon ancien allemand de Stadelmann, sans étiquette (1 old German violin by Stadelmann, unlabeled)",6000.0,,,Caressa & Français / Émile Français
394,Chappuy,violin,False,01/10/1923,Boulangeot à Lyon,500,,,09/11/1927,2000,Wurlitzer à Cincinnati,"Rudolph Wurlitzer Co., famous American musical instrument dealer & luthier",trade,Émile Boulangeot (Lyon/Paris),verified,trade,Rudolph Wurlitzer Co. (Cincinnati/NY),verified,False,B2B,300.0,1500.0,E.981.8.30 row 112 (exact),"November 9, 1927","The Rudolph Wurlitzer Co., New York (expédition à Mr. Voss à Berlin)",1 violon de Chappuy,2000.0,,,Caressa & Français / Émile Français
395,Jh. Bassot Paris 1794,violin,False,01/10/1923,Boulangeot à Lyon,1000,,,27/02/1926,4000,Andries à Bruxelles,Private Client / Regional Buyer,trade,Émile Boulangeot (Lyon/Paris),verified,private,,,False,B2C,300.0,880.0,,,,,,,,Caressa & Français / Émile Français
396,Leonard Sequin Paris 1753,violin,False,01/10/1923,Boulangeot à Lyon,1200,800.0,2000.0,29/08/1927,5000,J. W. Mitchell à Toronto,Private Client / Regional Buyer,trade,Émile Boulangeot (Lyon/Paris),verified,private,,,False,B2C,150.0,1428.0,,,,,,,,Caressa & Français / Émile Français
397,C. Balestrieri 1755,violin,False,13/10/1923,Gabriel Huon à Paris,6500,,,30/08/1924,10000,St. Maur à la Nouvelle Orléans,Private Client / Regional Buyer,private,,,private,,,False,B2C,53.8,322.0,,,,,,,,Caressa & Français / Émile Français
398,N. Chappuy 1774,violin,False,15/10/1923,Coät à Orléans,400,400.0,800.0,22/12/1925,2000,Fenwick à Paris,Private Client / Regional Buyer,private,,,private,,,False,B2C,150.0,799.0,,,,,,,,Caressa & Français / Émile Français
399,Assensio 1784,violin,False,16/10/1923,Maire à Madrid,2500,500.0,3000.0,11/12/1924,12500,Mlle Oudette à Paris,Private Client / Regional Buyer,trade,Maire (Madrid),verified,private,,,False,B2C,316.7,422.0,,,,,,,,Caressa & Français / Émile Français
400,Celoniatus Turin,violin,False,16/10/1923,Maire à Madrid,600,400.0,1000.0,02/08/1926,5000,M. Comtes of Ybarra Madrid,Private Client / Regional Buyer,trade,Maire (Madrid),verified,private,,,False,B2C,400.0,1021.0,,,,,,,,Caressa & Français / Émile Français
401,Ecole Brescia,violin,False,16/10/1923,Maire à Madrid,400,600.0,1000.0,14/03/1930,3000,M. Bsel à Paris,Private Client / Regional Buyer,trade,Maire (Madrid),verified,private,,,False,B2C,200.0,2341.0,,,,,,,,Caressa & Français / Émile Français
402,Grancino à Milan,violin,False,25/10/1923,Gillet à Paris,6000,,,17/12/1926,9000,William Lewis à Chicago,"William Lewis & Son (Chicago), prestigious American violin shop and dealership",private,,,trade,William Lewis & Son (Chicago),verified,False,B2B,50.0,1149.0,E.981.8.30 row 148 (exact),"December 17, 1926","William Lewis & Son, Chicago","1 violon ancien italien par Giovanni Grancino, Milan, 1723",9000.0,,,Caressa & Français / Émile Français
403,Frebrunet à Paris,violin,False,03/11/1923,Delsa à Paris,500,300.0,800.0,02/02/1926,1500,Vendu M. Cazeau,Private Client / Regional Buyer,private,,,private,,,False,B2C,87.5,822.0,,,,,,,,Caressa & Français / Émile Français
404,Mt. Jmion,violin,False,03/11/1923,Delsa à Paris,150,50.0,200.0,11/01/1924,500,de la Valette à Paris,Private Client / Regional Buyer,private,,,private,,,False,B2C,150.0,69.0,,,,,,,,Caressa & Français / Émile Français
405,J. B. Vuillaume copie Maggini,violin,False,19/11/1923,Baillet à Paris,2000,250.0,2.25,06/03/1925,4000,Hamma à Dresde,"Hamma & Co. (Stuttgart), world-renowned German violin experts and dealers",private,,,trade,Hamma & Co. (Stuttgart),verified,False,B2B,177677.8,473.0,,,,,,,,Caressa & Français / Émile Français
406,Klotz,violin,False,15/12/1923,Gleize à Paris,1000,1000.0,2000.0,08/09/1926,4000,W. Lewis à Chicago,"William Lewis & Son (Chicago), prestigious American violin shop and dealership",private,,,trade,William Lewis & Son (Chicago),verified,False,B2B,100.0,998.0,E.981.8.30 row 140 (exact),"September 8, 1926","William Lewis & Son, 207 Wabash Avenue, Chicago (parti por Henry Peron)","1 violon Mathias Klotz in Mittenwald, 1730",4000.0,,,Caressa & Français / Émile Français
407,Grandjon,violin,False,08/01/1924,Bouillon à Montpellier,750,,,27/02/1926,2000,Dr Courbe à Bâle,Private Client / Regional Buyer,private,,,private,,,False,B2C,166.7,781.0,,,,,,,,Caressa & Français / Émile Français
408,Flamant,violin,False,12/01/1924,Dupont à Grasse,50,1950.0,2000.0,12/02/1932,5500,M. Biron à Levallois,Private Client / Regional Buyer,private,,,private,,,False,B2C,175.0,2953.0,,,,,,,,Caressa & Français / Émile Français
409,J. Boquay,violin,False,12/01/1924,Dupont à Grasse,450,1000.0,1450.0,02/07/1925,7000,Moustapha à Constantinople,Private Client / Regional Buyer,private,,,private,,,False,B2C,382.8,537.0,,,,,,,,Caressa & Français / Émile Français
410,Allemand Modele Cerutti,violin,False,14/01/1924,Cristrof à Paris,900,,,18/03/1925,2500,Toulacroix à Paris,Private Client / Regional Buyer,private,,,private,,,False,B2C,177.8,429.0,,,,,,,,Caressa & Français / Émile Français
411,Italien Pressenda,violin,False,28/01/1924,F. Vial à Monaco,6500,1000.0,7500.0,17/08/1925,12000,Wolf Luthier à Strasbourg,Private Client / Regional Buyer,private,,,trade,Trade (luthier),verified,False,B2B,60.0,567.0,,,,,,,,Caressa & Français / Émile Français
412,Pressenda(rayé) Italien,violin,False,28/01/1924,F. Vial à Monaco,2000,1500.0,3500.0,02/04/1927,10000,Weinberg à Hambourg,Private Client / Regional Buyer,private,,,private,,,False,B2C,185.7,1160.0,,,,,,,,Caressa & Français / Émile Français
413,Grandjon,violin,False,28/01/1924,F. Vial à Monaco,504,496.0,1000.0,22/02/1928,3000,Charot à Dijon pr. Chatelot,Private Client / Regional Buyer,private,,,private,,,False,B2C,200.0,1486.0,,,,,,,,Caressa & Français / Émile Français
414,Caressa & Français,violin,True,30/01/1924,Bétolaud à Paris,600,400.0,1000.0,22/02/1928,3000,Charot à Dijon pr. Chatelot,Private Client / Regional Buyer,private,,,private,,,False,B2C,200.0,1484.0,,,,,,,,Caressa & Français / Émile Français
415,Charotte M. Michelot,violin,False,05/02/1924,Degeorge à Paris,600,,,08/03/1924,3500,Jules Banchet à Versailles,Private Client / Regional Buyer,private,,,private,,,False,B2C,483.3,32.0,,,,,,,,Caressa & Français / Émile Français
416,C. A. Testore Naples,violin,False,03/03/1924,Ascanie à Paris,4000,,,22/07/1925,25000,Comte Mafert à Paris,Private Client / Regional Buyer,private,,,private,,,False,B2C,525.0,506.0,,,,,,,,Caressa & Français / Émile Français
417,Gve Bernardel N°1936,violin,False,03/03/1924,Mme Noirot à Paris,800,,,10/10/1924,2000,Espagnet à Bordeaux,Private Client / Regional Buyer,private,,,private,,,False,B2C,150.0,221.0,,,,,,,,Caressa & Français / Émile Français
418,Breton à Mircourt,violin,False,04/04/1924,Schmitt à Paris,250,200.0,450.0,,,,,private,,,private,,,False,B2C,,,,,,,,,,Caressa & Français / Émile Français
419,Gand frère 1863,violin,False,29/04/1924,Sallé à Paris,880,620.0,1500.0,,,,,private,,,private,,,False,B2C,,,,,,,,,,Caressa & Français / Émile Français
420,A. Gragnani 1780,violin,False,19/05/1924,Mme Brunet Marseille,4000,1500.0,5500.0,23/09/1925,11500,Russell à Chicago,Private Client / Regional Buyer,private,,,private,,,False,B2C,109.1,492.0,,,,,,,,Caressa & Français / Émile Français
421,L. Colin Paris 1770?,violin,False,27/06/1924,Mme Vve Cailliete Paris,1.5,,,21/06/1926,3500,Pellerin à Paris,Private Client / Regional Buyer,private,,,private,,,False,B2C,233233.3,724.0,,,,,,,,Caressa & Français / Émile Français
422,Frebrunet Paris 1775,violin,False,02/06/1924,David Blitz Paris,800,350.0,1150.0,14/06/1927,2100,Mouyrit à Cahors,Private Client / Regional Buyer,private,,,private,,,False,B2C,82.6,1107.0,,,,,,,,Caressa & Français / Émile Français
423,Guersan Paris,violin,False,13/06/1924,Jules Noël Paris,2000,1000.0,3000.0,,,,,private,,,private,,,False,B2C,,,,,,,,,,Caressa & Français / Émile Français
424,Jo Klotz 1735,violin,False,05/07/1924,Robert Desprès Paris,1650,350.0,2000.0,23/04/1928,3500,Dabé à Québec,Private Client / Regional Buyer,private,,,private,,,False,B2C,75.0,1388.0,E.981.8.30 row 122 (fuzzy),"April 23, 1928",Mr. A. Dubé à Québec,"1 V[iol]on ancien allemand d'Aegidius Klotz, Mittenwald 1760 (1 old German violin by Aegidius Klotz, Mittenwald 1760)",3500.0,,"resolved: register transcription typo — true price 3500 (Dubé, Québec)",Caressa & Français / Émile Français
425,J. B. Vuillaume Paris,violin,False,08/07/1924,Cord. Cazes à Toulouse,2200,,,28/02/1925,3500,M. Crets à Bruxelles,Private Client / Regional Buyer,private,,,private,,,False,B2C,59.1,235.0,,,,,,,,Caressa & Français / Émile Français
426,Ch. F. Gand 1842,violin,False,30/07/1924,Bounol à Rennes,4500,,,01/03/1926,8000,M. G. Ryken à Malines,Private Client / Regional Buyer,private,,,private,,,False,B2C,77.8,579.0,,,,,,,,Caressa & Français / Émile Français
427,Ch. F. Gand 1837,violin,False,30/07/1924,"Bounol "" """,4500,,,23/04/1926,10000,M. Ullmann à Zurich,Private Client / Regional Buyer,private,,,private,,,False,B2C,122.2,632.0,,,,,,,,Caressa & Français / Émile Français
428,Ch. F. Gand 1836,violin,False,31/07/1924,"Gve Lyon "" """,3500,1500.0,5000.0,28/08/1929,5000,Vendu à Raven... 28/8/29,Private Client / Regional Buyer,trade,Lyon & Healy (Chicago)?,verified,private,,,False,B2C,0.0,1854.0,,,,,,,,Caressa & Français / Émile Français
429,3/4J.B. Vuillaume,violin,False,31/07/1924,Gve Lyon à Paris,300,,,10/05/1927,2600,Lewis & Son à Chicago,"William Lewis & Son (Chicago), prestigious American violin shop and dealership",trade,Lyon & Healy (Chicago)?,verified,trade,William Lewis & Son (Chicago),verified,False,B2B,766.7,1013.0,E.981.8.30 row 125 (fuzzy),"May 14, 1927","Lewis & Son, Chicago (par American Express)",4 violons anciens français: deux demis et deux 3/4 — ensemble (4 old French violins: two 1/2 size and two 3/4 size — together),5000.0,,batch: register row = one 3/4 Vuillaume (2600); export line = two 1/2 + two 3/4 violins for 5000 — not a 1:1 match,Caressa & Français / Émile Français
430,Vieux français,violin,False,04/09/1924,Ribault à Paris,100,400.0,500.0,10/01/1927,800,Lorillon à Antony,Private Client / Regional Buyer,private,,,private,,,False,B2C,60.0,858.0,,,,,,,,Caressa & Français / Émile Français
431,Dalla Corte,violin,False,09/12/1924,Renée Borgeu à Neuilles,3000,,,18/12/1926,5000,Albert Lévy à Bruxelles,Private Client / Regional Buyer,private,,,private,,,False,B2C,66.7,739.0,,,,,,,,Caressa & Français / Émile Français
432,Gve Bernardel 1895,violin,False,19/01/1925,Cistron à Paris,1000,,,17/06/1929,,"M. Estella, La Haye",Private Client / Regional Buyer,private,,,trade,Estella (The Hague),verified,False,B2B,,1610.0,,,,,,,,Caressa & Français / Émile Français
433,G. Grancino Milan,violin,False,07/03/1925,Pietro Ricci Bergamo,4000,2500.0,6500.0,17/06/1928,18000,Féret à Los Angeles,Private Client / Regional Buyer,trade,Pietro Ricci (Parma/Bergamo),verified,private,,,False,B2C,176.9,1198.0,,,,,,,,Caressa & Français / Émile Français
434,G. P. Maggini Brescia,violin,False,13/03/1925,Bisiach à Milan,12000,1500.0,13500.0,23/04/1929,30000,Dubourg à Paris,Private Client / Regional Buyer,trade,Leandro/Andrea Bisiach (Milan),verified,private,,,False,B2C,122.2,1502.0,,,,,,,,Caressa & Français / Émile Français
435,T. & L. Carcassi 1745,violin,False,13/03/1925,Bisiach à Milan,10000,1500.0,11500.0,23/12/1936,12000,Zwang à Paris,Private Client / Regional Buyer,trade,Leandro/Andrea Bisiach (Milan),verified,private,,,False,B2C,4.3,4303.0,,,,,,,,Caressa & Français / Émile Français
436,Paulus Castello 1770,violin,False,13/03/1925,Bisiach à Milan,6000,,,29/06/1926,12000,Vendu à Sellier à Laon,Private Client / Regional Buyer,trade,Leandro/Andrea Bisiach (Milan),verified,private,,,False,B2C,100.0,473.0,,,,,,,,Caressa & Français / Émile Français
437,A. Castagneri 1760,violin,False,13/03/1925,Bisiach à Milan,1550,950.0,2500.0,17/06/1926,8000,Véron à Choissy-le-Roi,Private Client / Regional Buyer,trade,Leandro/Andrea Bisiach (Milan),verified,private,,,False,B2C,220.0,461.0,,,,,,,,Caressa & Français / Émile Français
438,"Gagliano à Naples, table neuve / vendu comme cerutti à Crémone",violin,False,13/03/1925,Oddone à Turin,1440,1000.0,2440.0,08/09/1926,5500,W. Lewis à Chicago,"William Lewis & Son (Chicago), prestigious American violin shop and dealership",trade,Carlo Giuseppe Oddone (Turin),verified,trade,William Lewis & Son (Chicago),verified,False,B2B,125.4,544.0,E.981.8.30 row 142 (exact),"September 8, 1926","William Lewis & Son, 207 Wabash Avenue, Chicago (parti por Henry Peron)","1 violon Udalricus Eberle, Pragae, 1739",5500.0,,,Caressa & Français / Émile Français
439,Allemand ancien,violin,False,01/04/1925,Amélie Serres à Paris,300,700.0,1000.0,27/07/1926,2500,Spalding à New-York,Private Client / Regional Buyer,trade,François Serre (Levallois),verified,musician,Albert Spalding (violinist),verified,False,B2C,150.0,482.0,,,,,,,,Caressa & Français / Émile Français
440,Allemand ancien,violin,False,07/04/1925,Reitinger à Courbevoie,250,300.0,550.0,10/04/1925,1250,M. Perot à Paris,Private Client / Regional Buyer,private,,,private,,,False,B2C,127.3,3.0,,,,,,,,Caressa & Français / Émile Français
441,Grandjon copie Guarnerius,violin,False,15/04/1925,Duerot à Paris,400,300.0,700.0,21/01/1929,3500,Mme Laudré à Paris,Private Client / Regional Buyer,private,,,private,,,False,B2C,400.0,1377.0,,,,,,,,Caressa & Français / Émile Français
442,Vieux Paris,violin,False,24/04/1925,Mainguy à Nantes,1200,450.0,1650.0,22/12/1925,4000,M. Popper à Brest,Private Client / Regional Buyer,private,,,private,,,False,B2C,142.4,242.0,,,,,,,,Caressa & Français / Émile Français
443,Mirecourt Paris 1873,violin,False,24/04/1925,Mainguy à Nantes,1600,300.0,1900.0,05/03/1928,8000,M. Delanoue à St Germain,Private Client / Regional Buyer,private,,,private,,,False,B2C,321.1,1046.0,,,,,,,,Caressa & Français / Émile Français
444,Vieux Mirecourt,violin,False,24/04/1925,Mainguy à Nantes,400,,,24/01/1927,800,Mme Henrion à Paris,Private Client / Regional Buyer,private,,,private,,,False,B2C,100.0,640.0,E.981.8.30 row 127 (exact),"May 31, 1927","Geo. Borgfeldt & C.° , 43 rue de Paradis, Paris",1 violon N.° 1 bis du catalogue,800.0,,,Caressa & Français / Émile Français
445,Gve Bernardel 1893-94,violin,False,09/05/1925,Garnier à Paris,1000,500.0,1500.0,,,,,private,,,private,,,False,B2C,,,,,,,,,,Caressa & Français / Émile Français
446,Collin-Mézin 1880,violin,False,11/06/1925,J. Rémy Paris,1000,,,18/05/1926,1750,Vendu au comptant,Private Client / Regional Buyer,private,,,private,,,False,B2C,75.0,341.0,,,,,,,,Caressa & Français / Émile Français
447,Gaillard à Troyes 1854,violin,False,22/06/1925,Maÿet à Paris,200,,,12/06/1926,1000,Foret à Barcelone,Private Client / Regional Buyer,private,,,private,,,False,B2C,400.0,355.0,,,,,,,,Caressa & Français / Émile Français
448,P. Castello à Gênes,violin,False,24/06/1925,Hertout à Paris,8000,,,12/07/1927,12000,Schiller à Los Angeles,Private Client / Regional Buyer,private,,,private,,,False,B2C,50.0,748.0,,,,,,,,Caressa & Français / Émile Français
449,Fagnola à Turin,violin,False,24/06/1925,Bisiach à Milan,3500,500.0,4000.0,07/04/1928,10000,Mlle Martin à Paris,Private Client / Regional Buyer,trade,Leandro/Andrea Bisiach (Milan),verified,private,,,False,B2C,150.0,1018.0,,,,,,,,Caressa & Français / Émile Français
450,C. A. Landolfi 1755,violin,False,27/06/1925,Fourel à Boston,8500,,,30/09/1930,15000,M. Chartier à Rennes,Private Client / Regional Buyer,private,,,private,,,False,B2C,76.5,1921.0,,,,,,,,Caressa & Français / Émile Français
451,Pierray à Paris,violin,False,29/08/1925,Bossard à Rennes,3750,,,19/01/1926,8500,A. Cruse à Eastbourne,Private Client / Regional Buyer,trade,Bossard-Bonnel (Rennes),verified,private,,,False,B2C,126.7,143.0,,,,,,,,Caressa & Français / Émile Français
452,N. Gagliano à Naples,violin,False,29/08/1925,Bossard à Rennes,4000,,,17/12/1925,7000,William Lewis à Chicago,"William Lewis & Son (Chicago), prestigious American violin shop and dealership",trade,Bossard-Bonnel (Rennes),verified,trade,William Lewis & Son (Chicago),verified,False,B2B,75.0,110.0,E.981.8.30 row 147 (exact),"December 17, 1926","William Lewis & Son, Chicago","1 violon ancien italien par Nicolas Gagliano, Naples, 1752",7000.0,,,Caressa & Français / Émile Français
453,J. B. Vuillaume à Paris,violin,False,29/08/1925,Bossard à Rennes,3750,,,24/05/1927,6000,Kachnaun à Berlin,Private Client / Regional Buyer,trade,Bossard-Bonnel (Rennes),verified,private,,,False,B2C,60.0,633.0,E.981.8.30 row 126 (exact),"May 23, 1927","Lachman, Berlin","1 violon par J.B. Vuillaume, copie Strad.",6000.0,,,Caressa & Français / Émile Français
454,L. Guersan à Paris,violin,False,29/08/1925,Bossard à Rennes,4000,,,,,,,trade,Bossard-Bonnel (Rennes),verified,private,,,False,B2C,,,,,,,,,,Caressa & Français / Émile Français
455,Allemand ancien,violin,False,30/07/1925,Jenson à Paris,300,200.0,500.0,19/11/1925,1800,Mlle Marthe Chaufon à Paris,Private Client / Regional Buyer,private,,,private,,,False,B2C,260.0,112.0,,,,,,,,Caressa & Français / Émile Français
456,Gve Bernardel 1899,violin,False,13/10/1925,Vermaire à Épinal,1000,500.0,1500.0,16/06/1927,5000,Matsudaira à Tokio,Private Client / Regional Buyer,private,,,private,,,False,B2C,233.3,611.0,,,,,,,,Caressa & Français / Émile Français
457,Allemand ancien,violin,False,14/10/1925,Friedrich à Paris,400,1100.0,1500.0,27/06/1929,7200,Parant à Grenoble,Private Client / Regional Buyer,private,,,private,,,False,B2C,380.0,1352.0,,,,,,,,Caressa & Français / Émile Français
458,Nicolas Gagliano,violin,False,22/10/1925,Geistet-Colesio à Rome,5000,,,03/04/1926,8000,Emil Herrmann à Berlin,"Emil Herrmann (New York/Berlin), legendary international rare violin dealer",private,,,trade,Emil Herrmann (Berlin/NY),verified,False,B2B,60.0,163.0,,,,,,,,Caressa & Français / Émile Français
459,Vieux Mirecourt,violin,False,22/10/1925,André à Paris,300,,,31/12/1926,2000,M. Dramecourt à Paris,Private Client / Regional Buyer,private,,,private,,,False,B2C,566.7,435.0,,,,,,,,Caressa & Français / Émile Français
460,C. F. Landolphus à Milan,violin,False,26/10/1925,Mayreux à Paris,13500,500.0,14000.0,30/12/1925,22500,"Aug. Verlaz à Lausanne, Suisse",Private Client / Regional Buyer,private,,,private,,,False,B2C,60.7,65.0,,,,,,,,Caressa & Français / Émile Français
461,Mirecourt ordinaire,violin,False,03/12/1925,Bidet à Paris,150,,,13/01/1926,300,Vendu Comptant,Private Client / Regional Buyer,private,,,private,,,False,B2C,100.0,41.0,,,,,,,,Caressa & Français / Émile Français
462,Imitation. Stradivarius,violin,False,03/12/1925,Bidel à Paris,150,,,14/05/1926,750,Mme Dubois à Paris,Private Client / Regional Buyer,private,,,private,,,False,B2C,400.0,162.0,,,,,,,,Caressa & Français / Émile Français
463,Allemand ancien,violin,False,03/12/1925,Bidel à Paris,150,450.0,600.0,12/04/1929,1850,Carpentier à Paris,Private Client / Regional Buyer,private,,,private,,,False,B2C,208.3,1226.0,,,,,,,,Caressa & Français / Émile Français
464,Caressa & Français N°96,violin,True,09/12/1925,Chabrol à Neuilly s/S,600,,,,,,,private,,,private,,,False,B2C,,,,,,,,,,Caressa & Français / Émile Français
465,Nicolas à Mircourt,violin,False,10/12/1925,Mme Peugeot à Neuilly s/S,800,,,22/10/1926,2500,Mme Winterling (Schreiber & Thugut) Hambourg,Private Client / Regional Buyer,private,,,private,,,False,B2C,212.5,316.0,E.981.8.30 row 145 (exact),"October 2, 1926","Lugert, Hambourg","1 violon Nicolas, Mirecourt",2500.0,,,Caressa & Français / Émile Français
466,Gve Bernardel 1892,violin,False,20/01/1926,M. Pellerin à Paris,1250,,,24/03/1932,5000,Mme Chamudet à Paris,Private Client / Regional Buyer,private,,,private,,,False,B2C,300.0,2255.0,,,,,,,,Caressa & Français / Émile Français
467,Bernardel Paris 1849,violin,False,28/01/1926,M. Bades à Paris,2500,,,23/03/1926,8000,M. Ladefroux à Pau,Private Client / Regional Buyer,private,,,private,,,False,B2C,220.0,54.0,,,,,,,,Caressa & Français / Émile Français
468,Sébastien Klotz,violin,False,30/01/1926,Dr Mainguy Nantes,4500,,,21/03/1941,10000,"Mr Aviragnet, Paris",Private Client / Regional Buyer,private,,,private,,,False,B2C,122.2,5529.0,,,,,,,,Caressa & Français / Émile Français
469,Vieux Mirecourt,violin,False,30/01/1926,Dr Mainguy Nantes,500,350.0,,18/01/1927,2500,Sillonville à St Germain,Private Client / Regional Buyer,private,,,private,,,False,B2C,194.1,353.0,,,,,,,,Caressa & Français / Émile Français
470,Jomier à Lyon,violin,False,30/01/1926,Dr Mainguy Nantes,1500,,,08/01/1929,2250,Hamma à Stuttgart,"Hamma & Co. (Stuttgart), world-renowned German violin experts and dealers",private,,,trade,Hamma & Co. (Stuttgart),verified,False,B2B,50.0,1074.0,E.981.8.30 row 95 (exact),"January 11, 1929","Hamma, Stuttgart","1 Violon ancien français de Jeandel à Lyon (1 old French violin by Jeandel, Lyon)",2250.0,,,Caressa & Français / Émile Français
471,V. Model double-filet,violin,False,30/01/1926,Dr Mainguy Nantes,500,400.0,900.0,01/02/1929,3000,Mlle Chach à Paris,Private Client / Regional Buyer,private,,,private,,,False,B2C,233.3,1098.0,,,,,,,,Caressa & Français / Émile Français
472,Allemand ancien,violin,False,02/03/1926,Mlle Stambolian à Paris,300,,,07/04/1926,1200,Mme Quinibeau Ile Maurice,Private Client / Regional Buyer,private,,,private,,,False,B2C,300.0,36.0,,,,,,,,Caressa & Français / Émile Français
473,Elophe Poirson 1890,violin,False,06/03/1926,Boulangeot à Lyon,1200,,,20/05/1926,2500,M. Antonin Chudlarsky à Prague,Private Client / Regional Buyer,trade,Émile Boulangeot (Lyon/Paris),verified,private,,,False,B2C,108.3,75.0,E.981.8.30 row 133 (exact),"May 20, 1926","Antonin Chudlarsky, Husova Trida 3, Praha (Postal)",1 violon ancien français par Boquay,2500.0,,,Caressa & Français / Émile Français
474,Gand & Bd Frères 1883,violin,False,19/04/1926,Le Blanc à Paris,600,,,30/10/1930,4500,M. Wilfer à Leipzig,Private Client / Regional Buyer,private,,,trade,Wilfer (Leipzig),verified,False,B2B,650.0,1655.0,,,,,,,,Caressa & Français / Émile Français
475,Gand père 1824,violin,False,03/05/1926,G. Rémy à Paris,6000,1000.0,7000.0,26/07/1928,16000,Pritchef à Kanasas City,Private Client / Regional Buyer,private,,,private,,,False,B2C,128.6,815.0,E.981.8.30 row 86 (exact),"July 26, 1928","Mr. Walter Fritchy, 1005 Walnut Street, Kansas City (Missouri) U.S.A.","1 Violon de Charles François Gand, dit Gand Père, luthier de la Musique du Roi et de l'École Royale de la Musique, à Paris, rue Croix des Petits Champs 24, année 1821, garanti authentique de cet Auteur dans toutes ses parties (1 violin by Charles François Gand, known as Gand Père, Paris, 1821, guaranteed authentic in all its parts)",16000.0,,,Caressa & Français / Émile Français
476,Lambert à Paris,violin,False,04/05/1926,Dr Mainguy à Nantes,1000,600.0,1600.0,21/09/1929,4800,Lefebvre à Paris,Private Client / Regional Buyer,private,,,private,,,False,B2C,200.0,1236.0,,,,,,,,Caressa & Français / Émile Français
477,Gabrielli à Florence,violin,False,04/05/1926,Dr Mainguy à Nantes,10000,,,10/02/1941,31700,Charles Cyrmlnik Mme Elie Paris,Private Client / Regional Buyer,private,,,private,,,False,B2C,217.0,5396.0,,,,,,,,Caressa & Français / Émile Français
478,Vieux Mirecourt,violin,False,21/05/1926,Sotovsky,600,400.0,1000.0,17/07/1929,2000,Guimbaud à Paris,Private Client / Regional Buyer,private,,,private,,,False,B2C,100.0,1153.0,,,,,,,,Caressa & Français / Émile Français
479,Vieux Mirecourt,violin,False,17/06/1926,Lenoël,250,,,06/01/1926,500,Schörg à Anvers,Private Client / Regional Buyer,private,,,musician,Schörg (Antwerp),verified,False,B2C,100.0,,,,,,,,,Caressa & Français / Émile Français
480,Thiriot,violin,False,25/06/1926,Comptant,100,400.0,500.0,21/08/1929,5000,Parmele à Boston,Private Client / Regional Buyer,private,,,private,,,False,B2C,900.0,1153.0,,,,,,,,Caressa & Français / Émile Français
481,D. Nicolas aîné,violin,False,29/06/1926,G. Evert Anvers,850,,,09/11/1927,1500,Vendu Wurlitzer Cincinnati,"Rudolph Wurlitzer Co., famous American musical instrument dealer & luthier",private,,,trade,Rudolph Wurlitzer Co. (Cincinnati/NY),verified,False,B2B,76.5,498.0,E.981.8.30 row 110 (exact),"November 9, 1927","The Rudolph Wurlitzer Co., New York (expédition à Mr. Voss à Berlin)",1 violon de Nicolas,1500.0,,,Caressa & Français / Émile Français
482,Gand & Bd Frères 1873,violin,False,30/06/1926,Mme Vve Lartigues à Paris,700,300.0,1000.0,13/01/1931,4000,Maréchal à Alger,Private Client / Regional Buyer,private,,,private,,,False,B2C,300.0,1658.0,,,,,,,,Caressa & Français / Émile Français
483,Vieux français,violin,False,13/07/1926,Mlle Barbelee à Paris,1.4,,,01/01/1929,2200,Hamma à Stuttgart,"Hamma & Co. (Stuttgart), world-renowned German violin experts and dealers",private,,,trade,Hamma & Co. (Stuttgart),verified,False,B2B,157042.9,903.0,E.981.8.30 row 91 (exact),"January 11, 1929","Hamma, Stuttgart",1 Violon ancien français (1 old French violin),2200.0,,,Caressa & Français / Émile Français
484,C. & F. N°509-1917,violin,False,15/07/1926,Squial à Paris,1000,,,14/04/1937,3000,Munch à Paris,Private Client / Regional Buyer,private,,,musician,Charles Munch (musician),verified,False,B2C,200.0,3926.0,,,,,,,,Caressa & Français / Émile Français
485,N. Lupot Orléans 1788,violin,False,13/09/1926,René lerts à Bruxelles,11000,1500.0,12500.0,27/05/1929,18000,Wilfer à Leipzig,Private Client / Regional Buyer,private,,,trade,Wilfer (Leipzig),verified,False,B2B,44.0,987.0,E.981.8.30 row 80 (exact),"May 27, 1929","M. Wilfer, Leipzig","Lupot fils sorti par passavant du 15 Mai 1923 N° 3.400 (Violin by Lupot fils, cleared via passavant)",18000.0,,,Caressa & Français / Émile Français
486,Gve Bernardel 1893,violin,False,02/10/1926,Luveau à Paris,1.5,,,,,,,private,,,private,,,False,B2C,,,,,,,,,,Caressa & Français / Émile Français
487,Giovanni Vadotti Plaisance 1765,violin,False,26/10/1926,Curtis à New-York,12000,,,17/12/1926,18425,William Lewis à Chicago,"William Lewis & Son (Chicago), prestigious American violin shop and dealership",private,,,trade,William Lewis & Son (Chicago),verified,False,B2B,53.5,52.0,E.981.8.30 row 146 (exact),"December 17, 1926","William Lewis & Son, Chicago","1 violon ancien italien par Nadotti à Piacenza, 1765",18425.0,,,Caressa & Français / Émile Français
488,J. Boquay,violin,False,26/10/1926,Fontaine à Melun,1700,500.0,2200.0,21/02/1929,7000,M. Marie Caze à Paris,Private Client / Regional Buyer,private,,,private,,,False,B2C,218.2,849.0,,,,,,,,Caressa & Français / Émile Français
489,Violon Mirecourt,violin,False,17/11/1926,Blaché à Paris,200,,,09/11/1927,1000,Vendu Wurlitzer Cincinnati,"Rudolph Wurlitzer Co., famous American musical instrument dealer & luthier",private,,,trade,Rudolph Wurlitzer Co. (Cincinnati/NY),verified,False,B2B,400.0,357.0,E.981.8.30 row 114 (exact),"November 9, 1927","The Rudolph Wurlitzer Co., New York (expédition à Mr. Voss à Berlin)",1 violon de Nicolas,1000.0,,,Caressa & Français / Émile Français
490,Violon Mirecourt,violin,False,17/11/1926,Blaché à Paris,200,500.0,700.0,11/06/1928,2500,Leblond à Argentan,Private Client / Regional Buyer,private,,,private,,,False,B2C,257.1,572.0,,,,,,,,Caressa & Français / Émile Français
491,Gand & Bd Frères 1876,violin,False,17/11/1926,Blaché à Paris,1100,,,29/04/1930,4500,P. Mesting à Copenhague,Private Client / Regional Buyer,private,,,private,,,False,B2C,309.1,1259.0,E.981.8.30 row 69 (exact),"April 29, 1930","Monsieur Paul Merling, Luthier, Vestergade 11 à Copenhague (Danemark)","1 Violon de Gand & Bernardel Frères, Luthiers du Conservatoire de Musique N° 634, Paris année 1876 (1 violin by Gand & Bernardel Frères, makers to the Conservatoire de Musique, No. 634, Paris, year 1876)",4500.0,,,Caressa & Français / Émile Français
492,Poirson,violin,False,06/12/1926,Antonin Bailhes Toulouse,600,,,18/03/1933,2500,Cte Pastré à Paris,Private Client / Regional Buyer,private,,,private,,,False,B2C,316.7,2294.0,,,,,,,,Caressa & Français / Émile Français
493,Derazey,violin,False,02/12/1926,Schörg à Anvers,500,,,09/11/1927,1250,Vendu Wurlitzer Cincinnati,"Rudolph Wurlitzer Co., famous American musical instrument dealer & luthier",musician,Schörg (Antwerp),verified,trade,Rudolph Wurlitzer Co. (Cincinnati/NY),verified,False,B2B,150.0,342.0,E.981.8.30 row 113 (exact),"November 9, 1927","The Rudolph Wurlitzer Co., New York (expédition à Mr. Voss à Berlin)",1 violon de Derazey,1250.0,,,Caressa & Français / Émile Français
494,Vieux Mirecourt,violin,False,11/01/1927,Dr Mainguy à Nantes,300,250.0,550.0,14/04/1928,1100,M. Brzytalski à Châteauroux,Private Client / Regional Buyer,private,,,private,,,False,B2C,100.0,459.0,,,,,,,,Caressa & Français / Émile Français
495,Vieux Mirecourt,violin,False,11/01/1927,Dr. Mainguy à Nantes,300,,,29/04/1930,3000,P. Mesting à Copenhague.,Private Client / Regional Buyer,private,,,private,,,False,B2C,900.0,1204.0,E.981.8.30 row 71 (exact),"April 29, 1930","Monsieur Paul Merling, Luthier, Vestergade 11 à Copenhague (Danemark)","1 Violon ancien français marqué Gaillard, Luthier, élève de Bernardel à Paris, année 1847 (1 old French violin marked Gaillard, Luthier, pupil of Bernardel, Paris, year 1847)",3000.0,,,Caressa & Français / Émile Français
496,Vieux français M.C.V.,violin,False,11/01/1927,Dr. Mainguy à Nantes,700,300.0,1000.0,,,,,private,,,private,,,False,B2C,,,,,,,,,,Caressa & Français / Émile Français
497,Vieux français m. N. Gagliano 1740,violin,False,11/01/1927,Dr. Mainguy à Nantes,3500,900.0,4400.0,21/06/1927,10000,William Fuhrberg à Chicago,Private Client / Regional Buyer,private,,,private,,,False,B2C,127.3,161.0,E.981.8.30 row 128 (fuzzy),"June 21, 1927","William Fuhrberg, Chicago (Postal)","1 violon ancien italien de l'École de Gagliano à Naples, portant une étiquette de Nicolas Gagliano année 1780, tête ancienne (1 old Italian violin from the Gagliano School of Naples, bearing a label of Nicolas Gagliano dated 1780, old head)",10159.0,,resolved: 159 F = shipping & stamps (declared 10159 includes costs),Caressa & Français / Émile Français
498,Colin fils à Mirecourt,violin,False,18/01/1927,Sillonville à St Germain,400,,,03/09/1926,500,Vendu Comptant,Private Client / Regional Buyer,private,,,private,,,False,B2C,25.0,,,,,,,,,Caressa & Français / Émile Français
499,Pirot à Paris 1812,violin,False,24/01/1927,E. Sellier à Laon,2500,,,29/04/1930,5000,P. Mesting à Copenhague.,Private Client / Regional Buyer,private,,,private,,,False,B2C,100.0,1191.0,E.981.8.30 row 75 (exact),"April 29, 1930","Monsieur Paul Merling, Luthier, Vestergade 11 à Copenhague (Danemark)","1 Violon de Carolus Henry, Luthier, rue St Martin N° 99 année 1841 (1 violin by Carolus Henry, Luthier, rue St Martin No. 99, year 1841)",5000.0,,,Caressa & Français / Émile Français
500,Gand père 1843,violin,False,26/01/1927,Clerts de Bruxelles,4000,,,09/11/1927,5500,Wurlitzer à Cincinnati,"Rudolph Wurlitzer Co., famous American musical instrument dealer & luthier",private,,,trade,Rudolph Wurlitzer Co. (Cincinnati/NY),verified,False,B2B,37.5,287.0,E.981.8.30 row 106 (exact),"November 9, 1927","The Rudolph Wurlitzer Co., New York (expédition à Mr. Voss à Berlin)","1 violon de Gand père, année 1843",5500.0,,,Caressa & Français / Émile Français
501,L. Renaudin à Paris,violin,False,14/02/1927,Chenouard à Paris,800,1200.0,2000.0,01/10/1941,8550,"Mr Hamma, Stuttgart.","Hamma & Co. (Stuttgart), world-renowned German violin experts and dealers",private,,,trade,Hamma & Co. (Stuttgart),verified,False,B2B,327.5,5343.0,,,,,,,,Caressa & Français / Émile Français
502,L. Widhalm 1801,violin,False,28/03/1927,Aubry le Maire,4400,1100.0,5500.0,,,,,private,,,private,,,False,B2C,,,,,,,,,,Caressa & Français / Émile Français
503,F. Gagliano à Naples,violin,False,28/04/1927,Duflot à Paris,10000,2500.0,12500.0,17/01/1937,9000,Mr Bauer à Paris,Private Client / Regional Buyer,private,,,private,,,False,B2C,-28.0,3552.0,,,,,,,,Caressa & Français / Émile Français
504,"N. Gagliano Naples 1737, table refaite",violin,False,13/06/1927,Bellarosa à Naples,3500,1000.0,4500.0,15/07/1927,13000,Albert Lerÿ à Paris,Private Client / Regional Buyer,private,,,private,,,False,B2C,188.9,32.0,,,,,,,,Caressa & Français / Émile Français
505,Pietro antonio Landolfi 1780,violin,False,28/07/1927,Bautistone à Bruxelles,8500,,,04/04/1933,15000,Mr Grand à Annonay,Private Client / Regional Buyer,private,,,private,,,False,B2C,76.5,2077.0,,,,,,,,Caressa & Français / Émile Français
506,Moitessier,violin,False,28/07/1927,Raymond Colin à Paris,300,250.0,550.0,22/09/1927,1600,Mme de Jouvencel à Paris,Private Client / Regional Buyer,private,,,private,,,False,B2C,190.9,56.0,,,,,,,,Caressa & Français / Émile Français
507,J & A. Gagliano Naples 1847,violin,False,27/09/1927,Langloit à Châlons s/Marne,2000,500.0,2500.0,12/08/1928,10000,Wilfer à Leipzig,Private Client / Regional Buyer,private,,,trade,Wilfer (Leipzig),verified,False,B2B,300.0,320.0,E.981.8.30 row 119 (exact),"April 12, 1928","Mr. A. Wilfer, Leipzig","1 V[iol]on de R. et M. Gagliano à Naples année 1847 garanti authentique de cet Auteur dans toutes ses parties (1 violin by R. & M. Gagliano, Naples, 1847, guaranteed authentic in all its parts)",10000.0,,,Caressa & Français / Émile Français
508,J. P. Bernardel 1844,violin,False,03/10/1927,Tournard à Beaune,2500,1500.0,5000.0,23/11/1929,alltt,"Weinigartner,",Private Client / Regional Buyer,private,,,private,,,False,B2C,,782.0,,,,,,,,Caressa & Français / Émile Français
509,Pique à Paris,violin,False,27/10/1927,G. Levert à Angers,5500,1000.0,6500.0,03/10/1928,15000,M. Brux à Yvetot,Private Client / Regional Buyer,private,,,private,,,False,B2C,130.8,342.0,,,,,,,,Caressa & Français / Émile Français
510,Copie Maggini J.B. Vuillaume 1859,violin,False,27/10/1927,G. Levert à Angers,1500,,,15/12/1933,10000,Mr Warfield au Havre,Private Client / Regional Buyer,private,,,private,,,False,B2C,566.7,2241.0,,,,,,,,Caressa & Français / Émile Français
511,Vieux Mirecourt,violin,False,27/10/1927,G. Levert à Angers,400,300.0,700.0,23/10/1929,2000,Mme Hache à Paris,Private Client / Regional Buyer,private,,,private,,,False,B2C,185.7,727.0,,,,,,,,Caressa & Français / Émile Français
512,Jo. Guadagnini Parme 1793,violin,False,19/11/1927,Aubrais à Angers,3500,1500.0,5000.0,12/11/1941,3000,Mr Vogelweith Strasbourg,"Charles Vogelweith (Strasbourg), well-known regional French violin maker and dealer",private,,,trade,Charles Vogelweith (Strasbourg),verified,False,B2B,-40.0,5107.0,,,,,,,,Caressa & Français / Émile Français
513,Violon Français,violin,False,02/12/1927,André Eracol à Paris,900,500.0,1400.0,11/06/1938,2500,Mr Pastor à Paris,Private Client / Regional Buyer,private,,,private,,,False,B2C,78.6,3844.0,,,,,,,,Caressa & Français / Émile Français
514,Balestrieri Mantoue 1774,violin,False,12/01/1928,Hamma à Stuttgart,16000,,,28/06/1935,33750,Vendu p. d'Atgimont (suisse),Private Client / Regional Buyer,trade,Hamma & Co. (Stuttgart),verified,private,,,False,B2C,110.9,2724.0,,,,,,,,Caressa & Français / Émile Français
515,Salomon à Paris,violin,False,18/01/1928,Wiltwer à Rorschach,1400,600.0,2000.0,23/03/1928,5000,J. L. Courvoisier Paris,Private Client / Regional Buyer,private,,,trade,J.-L. Courvoisier (Paris),verified,False,B2B,150.0,65.0,,,,,,,,Caressa & Français / Émile Français
516,J. C. Klotz 1707,violin,False,19/01/1928,Wiltwer à Rorschach,1000,500.0,1500.0,25/04/1928,3500,Dubé à Québec,Private Client / Regional Buyer,private,,,private,,,False,B2C,133.3,97.0,E.981.8.30 row 121 (exact),"April 23, 1928",Mr. A. Dubé à Québec,"1 V[iol]on de Joannes Carol Klotz, année 1767 à Mittenwald (1 violin by Joannes Carol Klotz, Mittenwald 1767)",3500.0,,,Caressa & Français / Émile Français
517,PH Silvestre 1839,violin,False,19/01/1928,Wiltwer à Rorschach,1500,,,02/01/1929,3000,Vendu à Mr Delluz à Genève,Private Client / Regional Buyer,private,,,private,,,False,B2C,100.0,349.0,,,,,,,,Caressa & Français / Émile Français
518,Renault & Chatelain Paris 1782,violin,False,19/01/1928,Wiltwer à Rorschach,2000,1000.0,3000.0,26/11/1931,10000,Rocher à Paris,Private Client / Regional Buyer,private,,,private,,,False,B2C,233.3,1407.0,,,,,,,,Caressa & Français / Émile Français
519,P. Silvestre Lyon 1858,violin,False,19/01/1928,Wiltwer à Rorschach,3000,500.0,3500.0,24/01/1930,12000,Wilfer à Leipzig,Private Client / Regional Buyer,private,,,trade,Wilfer (Leipzig),verified,False,B2B,242.9,736.0,E.981.8.30 row 66 (exact),"February 18, 1930","Wilfer, Leipzig","1 Violon de Pierre Silvestre à Lyon année 1858 (1 violin by Pierre Silvestre, Lyon, year 1858)",12000.0,,,Caressa & Français / Émile Français
520,J. P. Bernardel Paris 1849,violin,False,19/01/1928,Wiltwer à Rorschach,4000,1000.0,5000.0,,,,,private,,,private,,,False,B2C,,,,,,,,,,Caressa & Français / Émile Français
521,L. Widhalm Nuremberg 1767,violin,False,19/01/1928,Wiltwer à Rorschach,5000,,,,,,,private,,,private,,,False,B2C,,,,,,,,,,Caressa & Français / Émile Français
522,Ch. F. Gand Paris 1833,violin,False,19/01/1928,Wiltwer à Rorschach,4000,,,11/01/1929,11000,Hamma à Stuttgart,"Hamma & Co. (Stuttgart), world-renowned German violin experts and dealers",private,,,trade,Hamma & Co. (Stuttgart),verified,False,B2B,175.0,358.0,E.981.8.30 row 96 (exact),"January 11, 1929","Hamma, Stuttgart","1 Violon ancien français de Gand père à Paris année 1833 (1 old French violin by Gand père, Paris, year 1833)",11000.0,,,Caressa & Français / Émile Français
523,Aegidius Klotz 1760,violin,False,19/01/1928,Wiltwer à Rorschach,1000,500.0,1500.0,23/04/1928,3500,Dubé à Québec,Private Client / Regional Buyer,private,,,private,,,False,B2C,133.3,95.0,E.981.8.30 row 120 (exact),"April 23, 1928",Mr. A. Dubé à Québec,"1 V[iol]on ancien allemand de Sébastien Klotz, Mittenwald 1745 (1 old German violin by Sebastian Klotz, Mittenwald 1745)",3500.0,,,Caressa & Français / Émile Français
524,Breton,violin,False,20/01/1928,Bitella à La Haye,500,,,11/01/1929,1250,Hamma à Stuttgart,"Hamma & Co. (Stuttgart), world-renowned German violin experts and dealers",trade,Antonio Citella (The Hague/Rotterdam),verified,trade,Hamma & Co. (Stuttgart),verified,False,B2B,150.0,357.0,E.981.8.30 row 98 (exact),"January 11, 1929","Hamma, Stuttgart",1 Violon ancien de Breton mtr (1 old violin by master Breton),1250.0,,,Caressa & Français / Émile Français
525,Violon Paris table refaite,violin,False,23/01/1928,M. Verbrugge Tournai,550,450.0,1000.0,22/08/1941,10000,M. WeckerFraise repris / ete vendu (ligne suivante),Private Client / Regional Buyer,private,,,private,,,False,B2C,900.0,4960.0,,,,,,,,Caressa & Français / Émile Français
,même violon racheté revendu,violin,False,,,,,,17/12/1943,25000,Mr Quillet Royay en Brie,,private,,,private,,,False,B2C,,,,,,,,,,Caressa & Français / Émile Français
526,Klotz,violin,False,23/01/1928,M. Verbrugge Tournai,1450,550.0,2000.0,01/07/1931,5500,Mr Cardin,,private,,,private,,,False,B2C,175.0,1255.0,,,,,,,,Caressa & Français / Émile Français
527,Violon Mirecourt,violin,False,25/01/1928,M. Verbrugge Tournai,500,400.0,900.0,04/08/1928,4000,Ben Have à Cincinnati,Private Client / Regional Buyer,private,,,private,,,False,B2C,344.4,192.0,,,,,,,,Caressa & Français / Émile Français
528,Klotz,violin,False,23/02/1928,Oddone à Turin,1000,,,28/08/1929,alltt,Weiss,Private Client / Regional Buyer,trade,Carlo Giuseppe Oddone (Turin),verified,private,,,False,B2C,,552.0,,,,,,,,Caressa & Français / Émile Français
529,J Gagliano 1782,violin,False,23/02/1928,Oddone à Turin,10000,2000.0,12000.0,24/09/1941,80000,"Mme de Montremy, Paris.",Private Client / Regional Buyer,trade,Carlo Giuseppe Oddone (Turin),verified,private,,,False,B2C,566.7,4962.0,,,,,,,,Caressa & Français / Émile Français
530,Italien (Goffriller),violin,False,10/03/1928,Agolasto à Marseille,1050,3500.0,4550.0,16/01/1929,26000,Mme Rayné à Montevideo,Private Client / Regional Buyer,private,,,private,,,False,B2C,471.4,312.0,,,,,,,,Caressa & Français / Émile Français
531,Pique à Paris 1804,violin,False,23/03/1928,J. L. Courvoisier à Paris,5000,,,03/07/1928,25000,"Wilfer, luthier à Leipzig",Private Client / Regional Buyer,trade,J.-L. Courvoisier (Paris),verified,trade,Trade (luthier),verified,False,B2B,400.0,102.0,E.981.8.30 row 123 (exact),"July 4, 1928",Wilfer à Leipzig,"1 Violon ancien français de Pique à Paris année 1804 (Exported via customs passavant, returned without clearance: 1 old French violin by Pique, Paris, 1804)",25000.0,,,Caressa & Français / Émile Français
532,Renaudin à Paris 1790,violin,False,23/03/1928,Bouger à Paris,1000,,,17/01/1929,2000,Hamma à Stuttgart,"Hamma & Co. (Stuttgart), world-renowned German violin experts and dealers",private,,,trade,Hamma & Co. (Stuttgart),verified,False,B2B,100.0,300.0,E.981.8.30 row 97 (exact),"January 11, 1929","Hamma, Stuttgart","1 Violon ancien de Renaudin à Paris 1790 (1 old violin by Renaudin, Paris 1790)",2000.0,,,Caressa & Français / Émile Français
533,Cappa 1645,violin,False,24/03/1928,Lachmann à Berlin,5000,1000.0,6000.0,31/03/1928,15000,Brugger à Dijon,Private Client / Regional Buyer,trade,Erich Lachmann (Berlin),verified,private,,,False,B2C,150.0,7.0,,,,,,,,Caressa & Français / Émile Français
534,Collin-Mézin,violin,False,24/03/1928,Bourgeault à Paris,750,250.0,1000.0,02/05/1929,2500,M. Courvoisier à Paris,Private Client / Regional Buyer,private,,,trade,J.-L. Courvoisier (Paris),verified,False,B2B,150.0,404.0,,,,,,,,Caressa & Français / Émile Français
535,Pietro Antonio Dalla Costa Trevise,violin,False,16/05/1928,Praderes à Monte-Carlo,7500,,,18/05/1928,20000,Collet à Colombes,Private Client / Regional Buyer,private,,,private,,,False,B2C,166.7,2.0,,,,,,,,Caressa & Français / Émile Français
536,Ventapane Naples 1855,violin,False,18/05/1928,Jouhoff à Paris,4250,250.0,4500.0,18/05/1928,9000,Dr Benediti à Paris,Private Client / Regional Buyer,private,,,private,,,False,B2C,100.0,0.0,,,,,,,,Caressa & Français / Émile Français
537,1/2 Hoff,violin,False,24/05/1928,Conot à Lyon,100,,,,,,,private,,,private,,,False,B2C,,,,,,,,,,Caressa & Français / Émile Français
538,3/4Klotz,violin,False,24/05/1928,Conot à Lyon,400,,,30/07/1928,1000,Erick Sorantin à Nashville,Private Client / Regional Buyer,private,,,private,,,False,B2C,150.0,67.0,,,,,,,,Caressa & Français / Émile Français
539,Gand & Bernardel 1887,violin,False,31/05/1928,!!Wurlitzer à Cincinnati,2000,,,,,,,trade,Rudolph Wurlitzer Co. (Cincinnati/NY),verified,private,,,False,B2C,,,,,,,,,,Caressa & Français / Émile Français
540,S.P.Bernardel guarnerius,violin,False,31/05/1928,!!Wurlitzer à Cincinnati,4000,,,14/11/1931,10000,Ch. Munch à Paris,Private Client / Regional Buyer,trade,Rudolph Wurlitzer Co. (Cincinnati/NY),verified,musician,Charles Munch (musician),verified,False,B2C,150.0,1262.0,,,,,,,,Caressa & Français / Émile Français
541,C. A. Miremont 1875,violin,False,31/05/1928,!!Wurlitzer à Cincinnati,2000,,,14/06/1934,4000,Wkl à Strasbourg,Private Client / Regional Buyer,trade,Rudolph Wurlitzer Co. (Cincinnati/NY),verified,trade,S. Wolf (Strasbourg),verified,False,B2B,100.0,2205.0,,,,,,,,Caressa & Français / Émile Français
542,H. & P. Silvestre 1834,violin,False,31/05/1928,!!Wurlitzer à Cincinnati,2000,,,21/05/1935,4000,H. Werro à Berne,"Henry Werro (Bern), renowned Swiss luthier and rare violin dealer",trade,Rudolph Wurlitzer Co. (Cincinnati/NY),verified,trade,Henry Werro (Bern),verified,False,B2B,100.0,2546.0,E.981.8.30 row 38 (exact),May 1935,"Mr. Henry Werro, Berne","1 Violon ancien français de Gand & Bernardel N° 1308 année 1887 (1 old French violin by Gand & Bernardel, No. 1308, year 1887)",4000.0,,,Caressa & Français / Émile Français
543,J. G. Gagliano,violin,False,04/06/1928,Praderes à Monte-Carlo,5500,500.0,6000.0,01/09/1928,16000,Le Monhaie à Rennes,Private Client / Regional Buyer,private,,,private,,,False,B2C,166.7,89.0,,,,,,,,Caressa & Français / Émile Français
544,Italien école Rocca,violin,False,04/06/1928,Praderes à Monte Carlo,500,1000.0,1500.0,03/04/1930,12000,P. Mesting à Copenhague,Private Client / Regional Buyer,private,,,private,,,False,B2C,700.0,668.0,E.981.8.30 row 77 (exact),"April 29, 1930","Monsieur Paul Merling, Luthier, Vestergade 11 à Copenhague (Danemark)","1 Violon de Joseph Rocca fait à Turin, année 1857 (1 violin by Joseph Rocca, made in Turin, year 1857)",12000.0,,,Caressa & Français / Émile Français
545,Sebastian Klotz 1743,violin,False,05/06/1928,Bitella à Rotterdam,1400,600.0,2000.0,01/07/1931,8500,Mr Cardin à Noislay,Private Client / Regional Buyer,trade,Antonio Citella (The Hague/Rotterdam),verified,private,,,False,B2C,325.0,1121.0,,,,,,,,Caressa & Français / Émile Français
546,Georges Klotz,violin,False,05/06/1928,Bitella à Rotterdam,1500,,,,,,,trade,Antonio Citella (The Hague/Rotterdam),verified,private,,,False,B2C,,,,,,,,,,Caressa & Français / Émile Français
547,Mathias Klotz,violin,False,05/06/1928,Bitella à Rotterdam,1800,,,,,,,trade,Antonio Citella (The Hague/Rotterdam),verified,private,,,False,B2C,,,,,,,,,,Caressa & Français / Émile Français
548,Klotz,violin,False,05/06/1928,Bitella à Rotterdam,1400,,,,,,,trade,Antonio Citella (The Hague/Rotterdam),verified,private,,,False,B2C,,,,,,,,,,Caressa & Français / Émile Français
549,J. B. Vuillaume,violin,False,07/06/1928,Riberon à Paris,4000,,,26/11/1931,10000,Bitella à La Haye,Private Client / Regional Buyer,private,,,trade,Antonio Citella (The Hague/Rotterdam),verified,False,B2B,150.0,1267.0,E.981.8.30 row 50 (exact),"November 26, 1931","Gitella, La Haye","1 Violon de J.B. Vuillaume copie de Stradivarius (1 violin by J.B. Vuillaume, copy of a Stradivarius)",10000.0,,,Caressa & Français / Émile Français
550,Lavazza Milan 1716,violin,False,12/06/1928,Boulangeot à Paris,2750,2250.0,5000.0,,,,,trade,Émile Boulangeot (Lyon/Paris),verified,private,,,False,B2C,,,,,,,,,,Caressa & Français / Émile Français
551,J. B. Guadagnini Plaisance 1746,violin,False,12/06/1928,Mazeran à Paris,25000,7000.0,32000.0,31/12/1928,110000,Hamma à Stuttgart,"Hamma & Co. (Stuttgart), world-renowned German violin experts and dealers",private,,,trade,Hamma & Co. (Stuttgart),verified,False,B2B,243.8,202.0,E.981.8.30 row 90 (exact),"December 31, 1928",Mamma à Stuttgart,"1 Violon ancien italien de Jean Baptiste Guadagnini à Parme, année 1763, sorti de France par passavant N° 9.313 du 27 Décembre 1928 (1 old Italian violin by Giovanni Battista Guadagnini, Parma, year 1763, cleared via temporary customs passavant)",110000.0,,,Caressa & Français / Émile Français
552,J. B. Guadagnini Parme 1763,violin,False,12/06/1928,Mazeran à Paris,25000,5000.0,30000.0,03/09/1928,55000,Mc Arthur Forstert 3Septbre 1928,Private Client / Regional Buyer,private,,,private,,,False,B2C,83.3,83.0,,,,,,,,Caressa & Français / Émile Français
553,Fiorini Bologne 1884,violin,False,27/06/1928,Cagliapietra Nîmes,4000,500.0,4500.0,08/06/1931,15000,Mr André Ferret à Strasbourg,Private Client / Regional Buyer,private,,,private,,,False,B2C,233.3,1076.0,,,,,,,,Caressa & Français / Émile Français
554,Caressa & Français N°160,violin,True,28/06/1928,Roger Julien,1000,,,12/11/1935,2000,Mlle Ratheaux à Beaune,Private Client / Regional Buyer,private,,,private,,,False,B2C,100.0,2693.0,,,,,,,,Caressa & Français / Émile Français
555,Januarius Gagliano Nap. 1740,violin,False,28/08/1928,Mme Guérin-Charot à Dijon,12000,3000.0,15000.0,11/12/1928,57500,"Mr Maillot, banquier à Paris",Private Client / Regional Buyer,private,,,private,,,False,B2C,283.3,105.0,,,,,,,,Caressa & Français / Émile Français
556,J. B. Vuillaume copie Guarnerius,violin,False,03/09/1928,Arthur Forster à Albany,6000,,,29/01/1930,10000,Bitella à La Haye,Private Client / Regional Buyer,private,,,trade,Antonio Citella (The Hague/Rotterdam),verified,False,B2B,66.7,513.0,E.981.8.30 row 62 (fuzzy),"December 4, 1929","Antonio Gitella, La Haye (The Hague)","1 Violon ancien français par J.B. Vuillaume à Paris portant le N° 1155 sur le fond écrit par Vuillaume (1 old French violin by J.B. Vuillaume, Paris, bearing No. 1155 on the back written by Vuillaume)",8000.0,register 10000 vs declared 8000,confirmed discrepancy: register 10000 vs declared 8000 — buyer Antonio Citella,Caressa & Français / Émile Français
557,Tyrolien tête sculptée,violin,False,01/09/1928,de Montaut à Rennes,1000,500.0,1500.0,03/05/1929,5000,Mlle Hamter à Paris,Private Client / Regional Buyer,private,,,private,,,False,B2C,233.3,244.0,,,,,,,,Caressa & Français / Émile Français
558,Bernardel père,violin,False,29/09/1928,Rambour Puteaux,3000,500.0,3500.0,23/10/1929,9500,Le Bidois à Brest,Private Client / Regional Buyer,private,,,private,,,False,B2C,171.4,389.0,,,,,,,,Caressa & Français / Émile Français
559,Bagatella Florence 1752,violin,False,17/10/1928,Haumesser à Rouen,2500,500.0,3000.0,14/04/1931,8000,Mr Marcel à Paris,Private Client / Regional Buyer,private,,,private,,,False,B2C,166.7,909.0,,,,,,,,Caressa & Français / Émile Français
560,J. B. Vuillaume 1828,violin,False,12/12/1928,Alapetite à Paris,10500,1500.0,12000.0,12/09/1929,20000,Alfred O. Corbin Paris,Private Client / Regional Buyer,private,,,private,,,False,B2C,66.7,274.0,E.981.8.30 row 82 (exact),"September 5, 1929","M. Alfred O. Corbin, 68 W. 58th Street, New York (U.S.A.)","1 Violon de Jean Baptiste Vuillaume, Paris année 1828 (1 violin by Jean Baptiste Vuillaume, Paris, year 1828)",20000.0,,,Caressa & Français / Émile Français
561,Thibout à Paris 1822,violin,False,12/12/1928,Poitras à Rouen,8000,1500.0,9500.0,12/09/1929,18000,Alfred O. Corbin à New-York,Private Client / Regional Buyer,private,,,private,,,False,B2C,89.5,274.0,E.981.8.30 row 81 (fuzzy),"September 5, 1929","M. Alfred O. Corbin, 68 W. 58th Street, New York (U.S.A.)","1 Violon par Thibout, Paris année 1822 (1 violin by Thibout, Paris, year 1822)",18000.0,,"resolved: register transcription typo — true price 18000 (Corbin, New York)",Caressa & Français / Émile Français
562,Pietro Pallotta Peruggia 1796,violin,False,14/12/1928,Bitella à La Haye,9500,2000.0,11500.0,09/01/1929,30000,Mr Verschoren à Malines,Private Client / Regional Buyer,trade,Antonio Citella (The Hague/Rotterdam),verified,private,,,False,B2C,160.9,26.0,,,,,,,,Caressa & Français / Émile Français
563,J. B. Vuillaume 1828,violin,False,14/12/1928,Boulangeot-Bodin à Paris,5000,1250.0,6250.0,21/03/1929,12000,Mr Curtis à Baltimore,Private Client / Regional Buyer,trade,Émile Boulangeot (Lyon/Paris),verified,private,,,False,B2C,92.0,97.0,,,,,,,,Caressa & Français / Émile Français
564,Marquis de l'air d'oiseau,violin,False,07/01/1929,Raux à Courbevoie,200,,,01/11/1929,500,Vendu comptant,Private Client / Regional Buyer,private,,,private,,,False,B2C,150.0,298.0,,,,,,,,Caressa & Français / Émile Français
565,Ch.F. Gand 1825,violin,False,14/01/1929,Weuwer à Paris,5000,2500.0,7500.0,12/09/1929,30000,Alfred. O. Corbin New-York,Private Client / Regional Buyer,private,,,private,,,False,B2C,300.0,241.0,E.981.8.30 row 83 (exact),"September 5, 1929","M. Alfred O. Corbin, 68 W. 58th Street, New York (U.S.A.)","1 Violon de Ch. F. Gand, Paris année 1825 (1 violin by Ch. F. Gand, Paris, year 1825)",30000.0,,,Caressa & Français / Émile Français
566,Creutzell Mittenwald 1737,violin,False,15/01/1929,Leterié à Paris,400,,,01/12/1934,2000,Duboullonnois à Paris,Private Client / Regional Buyer,private,,,private,,,False,B2C,400.0,2146.0,,,,,,,,Caressa & Français / Émile Français
567,Calcanius à Gênes 1740,violin,False,16/01/1929,Hamma à Stuttgart,10000,1000.0,11000.0,16/06/1938,12000,Marc Delgay (Paris) 12 Fevrier 1934/ Échangé à Bossard-Bonnel,Private Client / Regional Buyer,trade,Hamma & Co. (Stuttgart),verified,trade,Bossard-Bonnel (Rennes),verified,False,B2B,9.1,3438.0,,,,,,,,Caressa & Français / Émile Français
568,Anselmo Bellossius Venise 1761,violin,False,16/01/1929,Hamma à Stuttgart,5000,,,,,,,trade,Hamma & Co. (Stuttgart),verified,private,,,False,B2C,,,,,,,,,,Caressa & Français / Émile Français
569,Paolo Antonio Landolfi Milan 1764,violin,False,16/01/1929,Hamma à Stuttgart,7000,,,,,,,trade,Hamma & Co. (Stuttgart),verified,private,,,False,B2C,,,,,,,,,,Caressa & Français / Émile Français
570,Carlo Tononi Venise 1737,violin,False,16/01/1929,Hamma à Stuttgart,14000,2000.0,16000.0,07/03/1930,55000,Louis Escheverria à Paris,Private Client / Regional Buyer,trade,Hamma & Co. (Stuttgart),verified,private,,,False,B2C,243.8,415.0,,,,,,,,Caressa & Français / Émile Français
571,Carlo Tononi Bologne 1731,violin,False,16/01/1929,Hamma à Stuttgart,7000,,,26/01/1937,15000,Mr Lgon Bourdon à Paris,Private Client / Regional Buyer,trade,Hamma & Co. (Stuttgart),verified,private,,,False,B2C,114.3,2932.0,,,,,,,,Caressa & Français / Émile Français
572,Camillus Camilli Mantoue 1739,violin,False,22/01/1929,Hamma à Stuttgart,12000,,,01/08/1944,15000,"Mr J. L. Courvoisier, Paris",Private Client / Regional Buyer,trade,Hamma & Co. (Stuttgart),verified,trade,J.-L. Courvoisier (Paris),verified,False,B2B,25.0,5670.0,,,,,,,,Caressa & Français / Émile Français
573,3/4Claudot,violin,False,05/03/1929,Delanoue à St Germain,100,,,02/05/1934,400,Poulin à Madagascar,Private Client / Regional Buyer,private,,,private,,,False,B2C,300.0,1884.0,,,,,,,,Caressa & Français / Émile Français
574,Vieux français,violin,False,12/03/1929,Rousseau à Paris,500,500.0,1000.0,28/01/1937,1500,Lachmann Los Angeles,"Erich Lachmann (Berlin/Los Angeles), highly influential violin expert & dealer",private,,,trade,Erich Lachmann (Berlin),verified,False,B2B,50.0,2879.0,,,,,,,,Caressa & Français / Émile Français
575,Joseph Rocca 1845,violin,False,25/03/1929,Vial à Monaco,7500,2500.0,10000.0,27/05/1929,25000,Mr Colasert à St Boris (Landes),Private Client / Regional Buyer,private,,,private,,,False,B2C,150.0,63.0,,,,,,,,Caressa & Français / Émile Français
576,Claude Pierray,violin,False,18/04/1929,Joseph Aubry s/Havre,600,1500.0,2100.0,17/02/1931,8500,Mme Mayeur à Paris,Private Client / Regional Buyer,private,,,private,,,False,B2C,304.8,670.0,,,,,,,,Caressa & Français / Émile Français
577,Breton,violin,False,22/04/1929,Mme Vve Baltet à Paris,200,400.0,600.0,18/12/1930,2000,Mme Grandgeorge à Paris,Private Client / Regional Buyer,private,,,private,,,False,B2C,233.3,605.0,,,,,,,,Caressa & Français / Émile Français
578,Mirecourt ancien Mc Gaillard,violin,False,27/04/1929,Croux à Nice,700,,,29/04/1930,3000,P. Mesting à Copenhague,Private Client / Regional Buyer,private,,,private,,,False,B2C,328.6,367.0,E.981.8.30 row 72 (exact),"April 29, 1930","Monsieur Paul Merling, Luthier, Vestergade 11 à Copenhague (Danemark)","1 Violon ancien français marqué Gosselin, amateur à Paris 1820 (1 old French violin marked Gosselin, amateur, Paris 1820)",3000.0,,,Caressa & Français / Émile Français
579,Breton Mirecourt 1835,violin,False,27/04/1929,Croux à Nice,600,,,,,,,private,,,private,,,False,B2C,,,,,,,,,,Caressa & Français / Émile Français
580,Violon Mirecourt copie Maggini,violin,False,21/05/1929,Français à Cannes,1000,,,31/08/1937,2500,Mme Valette à Cuise la Motte (Oise),Private Client / Regional Buyer,private,,,private,,,False,B2C,150.0,3024.0,,,,,,,,Caressa & Français / Émile Français
581,Ferdiand Gagliano Naples 1761,violin,False,07/06/1929,Hamma à Stuttgart,20000,,,11/06/1929,40000,Mme d'Astier à Paris-Versailles,Private Client / Regional Buyer,trade,Hamma & Co. (Stuttgart),verified,private,,,False,B2C,100.0,4.0,,,,,,,,Caressa & Français / Émile Français
582,"Copie Guadagnini,Emile Laurent 1921",violin,False,17/07/1929,Cohort à St Sever,1250,,,26/11/1929,7000,M. Lapchin à Paris,Private Client / Regional Buyer,private,,,private,,,False,B2C,460.0,132.0,,,,,,,,Caressa & Français / Émile Français
583,"Copie Guadagnini Milan 1765, Emile Laurent",violin,False,17/07/1929,Cohort à St Sever,1250,,,24/01/1937,1800,Ladrouse à Paris,Private Client / Regional Buyer,private,,,private,,,False,B2C,44.0,2748.0,,,,,,,,Caressa & Français / Émile Français
584,Gaulard aîné,violin,False,11/07/1929,Morilhat à Toulouse,200,,,,,,,private,,,private,,,False,B2C,,,,,,,,,,Caressa & Français / Émile Français
585,Collin-Mezin à Paris 1876,violin,False,25/07/1929,Vve Renaux Montauban,300,100.0,400.0,24/01/1930,3224,Mme Bayon Boulogne s/Seine,Private Client / Regional Buyer,private,,,private,,,False,B2C,706.0,183.0,,,,,,,,Caressa & Français / Émile Français
,,violin,False,,,,,,30/01/1934,2000,Vendu Labrousse à Paris,Private Client / Regional Buyer,private,,,private,,,False,B2C,,,,,,,,,,Caressa & Français / Émile Français
586,D. Nicolas aîné,violin,False,25/07/1929,Vve Renaux Montauban,300,,,,,,,private,,,private,,,False,B2C,,,,,,,,,,Caressa & Français / Émile Français
587,Florentin Ville Crémone,violin,False,25/07/1929,Vve Renaux Montauban,300,,,26/09/1941,3000,Mr Labégre Angers,Private Client / Regional Buyer,private,,,private,,,False,B2C,900.0,4446.0,,,,,,,,Caressa & Français / Émile Français
588,Michel Couturieux,violin,False,25/07/1929,Vve Renaux Montauban,300,500.0,800.0,12/12/1930,2000,Mme Chamudet-Amiorelle Paris,Private Client / Regional Buyer,private,,,private,,,False,B2C,150.0,505.0,,,,,,,,Caressa & Français / Émile Français
589,Nicolas Ville de Crémone,violin,False,25/07/1929,Vve Renaux Montauban,300,,,,,,,private,,,private,,,False,B2C,,,,,,,,,,Caressa & Français / Émile Français
590,Allemand ancien,violin,False,25/07/1929,Vve Renaux Montauban,200,1000.0,1200.0,24/05/1930,2224,Mme Besson à Boulogne s/Seine,Private Client / Regional Buyer,private,,,private,,,False,B2C,85.3,303.0,,,,,,,,Caressa & Français / Émile Français
591,Breton,violin,False,25/07/1929,Vve Renaux Montauban,200,,,,,,,private,,,private,,,False,B2C,,,,,,,,,,Caressa & Français / Émile Français
592,D. Nicolas aîné,violin,False,25/07/1929,Vve Renaux Montauban,300,,,,,,,private,,,private,,,False,B2C,,,,,,,,,,Caressa & Français / Émile Français
593,Breton,violin,False,04/09/1929,Morilhat à Toulouse,300,,,01/05/1930,600,Vendu au comptant,Private Client / Regional Buyer,private,,,private,,,False,B2C,100.0,239.0,,,,,,,,Caressa & Français / Émile Français
594,Miremont Paris 1878,violin,False,06/09/1929,Mlle Duvivier à Louviers,5000,,,,,,,private,,,private,,,False,B2C,,,,,,,,,,Caressa & Français / Émile Français
595,Thibout à Paris,violin,False,02/10/1929,M. J. Pierraut à Mirecourt,1680,320.0,2000.0,13/12/1940,15000,"J. Hemmerdinger, Nantes",Private Client / Regional Buyer,private,,,private,,,False,B2C,650.0,4090.0,,,,,,,,Caressa & Français / Émile Français
596,Silvestre & Maucotel. N°758-1912,violin,False,23/10/1929,Duttenhofer à Paris,800,,,,,,,private,,,private,,,False,B2C,,,,,,,,,,Caressa & Français / Émile Français
597,Florenus Guidantus Bologne,violin,False,28/10/1929,Cohort à St-Sever (Landes),3000,,,,,,,private,,,private,,,False,B2C,,,,,,,,,,Caressa & Français / Émile Français
598,C. & F. 206-1906,violin,False,04/11/1929,Melle Lg. Gérard à Annonay,1000,,,07/01/1930,3500,Mlle de Cailly à Caen,Private Client / Regional Buyer,private,,,private,,,False,B2C,250.0,64.0,,,,,,,,Caressa & Français / Émile Français
599,Italien école Celoniatus Crémone 1732,violin,False,26/11/1929,Mme Lafchin à Paris,1000,,,02/05/1931,9000,Wilfer à Leipzig,Private Client / Regional Buyer,private,,,trade,Wilfer (Leipzig),verified,False,B2B,800.0,522.0,E.981.8.30 row 47 (exact),"May 2, 1931","Albin Wilfer, Leipzig","1 Violon ancien italien de Celoniatus à Naples année 1733 (1 old Italian violin by Celoniatus of Naples, year 1733)",9000.0,,,Caressa & Français / Émile Français
600,J. B. Vuillaume Paris 1826,violin,False,29/11/1929,M. Poitras à Rouen,9000,,,03/12/1930,22500,Patek à Lausanne,Private Client / Regional Buyer,private,,,private,,,False,B2C,150.0,369.0,,,,,,,,Caressa & Français / Émile Français
601,Français mé. J. B. Vuillaume,violin,False,06/12/1929,Cracol à Paris,3500,,,09/01/1932,7000,Wolf à Strasbourg,Private Client / Regional Buyer,private,,,trade,S. Wolf (Strasbourg),verified,False,B2B,100.0,764.0,,,,,,,,Caressa & Français / Émile Français
602,J. B. Vuillaume Paris 1866,violin,False,20/12/1929,Herrauschmidt à Paris,5400,,,17/09/1930,8800,"Goodloch, Los Angeles, U.S.A.",Private Client / Regional Buyer,private,,,private,,,False,B2C,63.0,271.0,,,,,,,,Caressa & Français / Émile Français
603,1/2 Grandjon père,violin,False,20/12/1929,Herrauschmidt à Paris,50000,100000.0,150000.0,27/06/1930,750,Spalding à Paris,Private Client / Regional Buyer,private,,,musician,Albert Spalding (violinist),verified,False,B2C,-99.5,189.0,,,,,,,,Caressa & Français / Émile Français
604,Joseph Guarnerius Crémone 1735,violin,False,20/12/1929,Hamma à Stuttgart,25000,,,28/08/1930,52000,Bitella à La Haye,Private Client / Regional Buyer,trade,Hamma & Co. (Stuttgart),verified,trade,Antonio Citella (The Hague/Rotterdam),verified,False,B2B,108.0,251.0,,,,,,,,Caressa & Français / Émile Français
605,J. B. Ruggeri Brescia 1705,violin,False,28/12/1929,G. Gould à Vouvray,35000,,,06/06/1930,70000,Quiroga à Paris,Private Client / Regional Buyer,trade,George Gould (collector-dealer),verified,musician,Manuel Quiroga (violinist),verified,False,B2C,100.0,160.0,,,,,,,,Caressa & Français / Émile Français
606,Rambeau aîné,violin,False,13/01/1930,Emil Bertin à Paris,1080,,,12/02/1931,2500,Lenouvel à Rouen,Private Client / Regional Buyer,private,,,private,,,False,B2C,131.5,395.0,,,,,,,,Caressa & Français / Émile Français
607,Nicolas Gagliano Naples,violin,False,17/02/1930,Léon Lenraite à Nice,10000,2000.0,12000.0,01/05/1936,25000,Ctesse la Motte-Rouge à Paris,Private Client / Regional Buyer,private,,,private,,,False,B2C,108.3,2265.0,,,,,,,,Caressa & Français / Émile Français
608,D. Nicolas aîné,violin,False,22/02/1930,Grezard à Paris,300,,,09/03/1940,1500,"Labrousse, Paris.",Private Client / Regional Buyer,private,,,private,,,False,B2C,400.0,3668.0,,,,,,,,Caressa & Français / Émile Français
608 bis,A. Stradivarius 1734(Franscesco),violin,False,27/02/1930,Mc Courvoisier à Paris,75000,,,09/01/1931,129450,Vendu Rudolph Wurlitzer Cincinnati / Exécuté p. d'Atgimont (Suisse),"Rudolph Wurlitzer Co., famous American musical instrument dealer & luthier",trade,J.-L. Courvoisier (Paris),verified,trade,Rudolph Wurlitzer Co. (Cincinnati/NY),verified,False,B2B,72.6,316.0,E.981.8.30 row 52 (exact),"June 7, 1930","The Rudolph Wurlitzer Co., Cincinnati (U.S.A.)","1 Violon ancien italien d'Antone Stradivarius fait à Crémone année 1734 dans un étui (1 old Italian violin by Antonio Stradivarius made in Cremona, year 1734, in a case)",129450.0,,,Caressa & Français / Émile Français
609,Chevrier à Paris,violin,False,05/04/1930,"Mme Hardy, 13, rue Cassini Saintes",200,,,17/01/1931,800,P. Merking à Copenhague,Private Client / Regional Buyer,private,,,private,,,False,B2C,300.0,287.0,,,,,,,,Caressa & Français / Émile Français
610,Gand & Bernarddel N°1123-1884,violin,False,19/04/1930,Mignot le Havre,1500,,,,4000,Fritsch à Neuchâtel,,private,,,private,,,False,B2C,166.7,,,,,,,,,Caressa & Français / Émile Français
611,Clément Paris 1825,violin,False,29/04/1930,Bovis à Nice,2500,,,26/01/1937,4000,Lachmann Los Angeles,"Erich Lachmann (Berlin/Los Angeles), highly influential violin expert & dealer",trade,François Bovis (Nice),verified,trade,Erich Lachmann (Berlin),verified,False,B2B,60.0,2464.0,E.981.8.30 row 25 (exact),"January 26, 1937","Mr. Erich Lachmann, Los Angeles","1 Violon ancien français des frères Silvestre à Lyon année 1834 (1 old French violin by the Silvestre brothers of Lyon, year 1834)",4000.0,,,Caressa & Français / Émile Français
612,Moitessier (alto recoupé)ex22 alto,viola,False,,Berthoit à Paris,600,500.0,1100.0,01/02/1931,3000,Vendu Lepeltier à Cherbourg,Private Client / Regional Buyer,private,,,private,,,False,B2C,172.7,,,,,,,,,Caressa & Français / Émile Français
613,N. Amati à Crémone 1662,violin,False,23/05/1930,Edmond Bouquet Bruxelles,6000,2000.0,8000.0,13/03/1935,17000,Fariano à la Malmaison,Private Client / Regional Buyer,private,,,private,,,False,B2C,112.5,1755.0,,,,,,,,Caressa & Français / Émile Français
614,École Stradivarius 1714,violin,False,26/05/1930,Hamma à Stuttgart,20000,,,28/05/1930,45000,Guersin à Bruxelles,Private Client / Regional Buyer,trade,Hamma & Co. (Stuttgart),verified,private,,,False,B2C,125.0,2.0,,,,,,,,Caressa & Français / Émile Français
615,Gagliano à Naples,violin,False,26/05/1930,Mme D. de Meulenaer à Bruxelles,5000,,,,,,,private,,,private,,,False,B2C,,,,,,,,,,Caressa & Français / Émile Français
620,P. Guarnerius Venise 1735,violin,False,28/05/1930,Guerstin à Bruxelles,10000,,,,,,,private,,,private,,,False,B2C,,,,,,,,,,Caressa & Français / Émile Français
621,Tyrolien modele Albani,violin,False,10/06/1930,—,300,,,08/04/1940,6500,"M. Giltier, luthier",Private Client / Regional Buyer,private,,,trade,Trade (luthier),verified,False,B2B,2066.7,3590.0,,,,,,,,Caressa & Français / Émile Français
622,Gve Bernardel N°1565-1892,violin,False,17/06/1930,Chazot à Soissons,1000,,,03/06/1934,2500,Mr Arture à Paris,Private Client / Regional Buyer,private,,,private,,,False,B2C,150.0,1447.0,,,,,,,,Caressa & Français / Émile Français
623,Roze à Orléans 1756,violin,False,19/06/1930,Chanoine d'Arranches à Paris,200,,,13/11/1930,1000,Melle Chibaud à Paris,Private Client / Regional Buyer,private,,,private,,,False,B2C,400.0,147.0,,,,,,,,Caressa & Français / Émile Français
624,Chappuy à Paris,violin,False,19/06/1930,Chanoine d'Arranches à Paris,325,,,,,,,private,,,private,,,False,B2C,,,,,,,,,,Caressa & Français / Émile Français
625,1/4vieux français,violin,False,19/06/1930,Chanoine d'Arranches à Paris,25,,,,,,,private,,,private,,,False,B2C,,,,,,,,,,Caressa & Français / Émile Français
626,A. Gand N°246 année 1855,violin,False,21/06/1930,Gourdin à Ézanville,1000,,,,,,,private,,,private,,,False,B2C,,,,,,,,,,Caressa & Français / Émile Français
627,J. B. Guadagnini Milan 1755,violin,False,08/10/1930,"Colonel Maître, Châtillon s/Seine",40000,,,28/02/1935,60000,Vendu Ruth Coult à Boston,Private Client / Regional Buyer,private,,,private,,,False,B2C,50.0,1604.0,E.981.8.30 row 43 (exact),"February 26, 1935","Mlle Ruth Posselt, Medford, Boston, Mass (U.S.A.)","1 Violon ancien italien de Jean Baptiste Guadagnini à Parme année 1763, garanti authentique de cet Auteur dans toutes ses parties avec étiquette originale. Exportation par Passavant N° 1235 Douane centrale du 26 Février 1935. (1 old Italian violin by Giovanni Battista Guadagnini, Parma, year 1763, guaranteed authentic by this maker in all its parts with the original label. Exported via Central Customs permit No. 1235 dated February 26, 1935.)",60000.0,,,Caressa & Français / Émile Français
628,J. B. Guadagnini Parme 1767,violin,False,08/10/1930,"Colonel Maître, Châtillon s/Seine",18000,,,18/04/1931,105000,Vendu Cohort à St-Sever,Private Client / Regional Buyer,private,,,private,,,False,B2C,483.3,192.0,,,,,,,,Caressa & Français / Émile Français
629,Ch.F. Gand 1830(ex Danela),violin,False,09/12/1930,Cribolet à Paris,10500,,,,,,,private,,,private,,,False,B2C,,,,,,,,,,Caressa & Français / Émile Français
630,Michael Platner Rome 1747,violin,False,10/12/1930,Peltzer à Gênes,9000,,,12/12/1930,30000,Mr Popper à Brest,Private Client / Regional Buyer,private,,,private,,,False,B2C,233.3,2.0,,,,,,,,Caressa & Français / Émile Français
631,Thomas Balestrieri 1747,violin,False,12/12/1930,Melle Tatiana Michlachevski,10000,,,22/01/1931,35000,A. Vidoudez à Genève,"Pierre Vidoudez (Geneva), famous Swiss violin maker and expert",private,,,trade,Pierre Vidoudez (Geneva),verified,False,B2B,250.0,41.0,,,,,,,,Caressa & Français / Émile Français
632,Gand & Bernarnel N° 1428- 1889,violin,False,12/01/1931,M. Lassalle à Paris,1000,,,3Septbre 32,4000,Vendu Bitella à La Haye,Private Client / Regional Buyer,private,,,trade,Antonio Citella (The Hague/Rotterdam),verified,False,B2B,300.0,,,,,,,,,Caressa & Français / Émile Français
633,Mathias Albani,violin,False,24/01/1931,Massuque à Marseille,3000,,,20/10/1936,8000,Dr H. Godard à Paris,Private Client / Regional Buyer,private,,,private,,,False,B2C,166.7,2096.0,,,,,,,,Caressa & Français / Émile Français
634,Collin-Mézin Paris 1906,violin,False,04/02/1931,Rousson à Paris,250,750.0,1000.0,21/07/1931,2000,Mlle Irène Brown à New York,Private Client / Regional Buyer,private,,,private,,,False,B2C,100.0,167.0,,,,,,,,Caressa & Français / Émile Français
635,Ancien modele Pasta Venise 1727,violin,False,25/03/1931,Deltelle à Paris,500,,,06/09/1937,1000,Hamma à Stuttgart,"Hamma & Co. (Stuttgart), world-renowned German violin experts and dealers",private,,,trade,Hamma & Co. (Stuttgart),verified,False,B2B,100.0,2357.0,,,,,,,,Caressa & Français / Émile Français
636,Nicolas Lupot Orléans 1788,violin,False,27/03/1931,Cohort à St-Sever,5000,,,31 amltt,Rendu à son propriétaire,"M. Aulagnier, Paris",Private Client / Regional Buyer,private,,,private,,,False,B2C,,,,,,,,,,Caressa & Français / Émile Français
637,Della Corte à Naples 18...,violin,False,12/05/1931,Estienne à Paris,4500,500.0,5000.0,29/06/1934,11,Dr Bauget à Paris (repris p. 11.500p. 10.000),Private Client / Regional Buyer,private,,,private,,,False,B2C,-99.8,1144.0,,,,,,,,Caressa & Français / Émile Français
638,Salomon à Paris 17,violin,False,07/05/1931,Mme Marget à Paris,1200,,,,,,,private,,,private,,,False,B2C,,,,,,,,,,Caressa & Français / Émile Français
639,Gand père 1841,violin,False,01/06/1931,A. de la Girodaye Bordeaux,1500,1500.0,3000.0,02/03/1943,40000,Melle Doucé marchand Paris,Private Client / Regional Buyer,private,,,trade,Trade (marchand),verified,False,B2B,1233.3,4292.0,,,,,,,,Caressa & Français / Émile Français
640,J. & A. Gagliano Naples 1795,violin,False,01/06/1931,Vve Cousin à Paris,14000,500.0,14500.0,12/09/1938,25500,Henry Werro Berne dans l'échange Maucotel,"Henry Werro (Bern), renowned Swiss luthier and rare violin dealer",private,,,trade,Henry Werro (Bern),verified,False,B2B,75.9,2660.0,,,,,,,,Caressa & Français / Émile Français
641,J. B. Vuillaume copie Amati,violin,False,pas acheté,Pagès à Paris,rendu,,,,,Rendu à son propriétaire,Private Client / Regional Buyer,private,,,private,,,False,B2C,,,,,,,,,,Caressa & Français / Émile Français
642,Carlo Tononi Venise 1721,violin,False,21/08/1931,Andrea Bisiach à Milan,22000,2000.0,24000.0,07/04/1939,72000,"M. Fajanus, Helsingfors",Private Client / Regional Buyer,trade,Leandro/Andrea Bisiach (Milan),verified,private,,,False,B2C,200.0,2786.0,E.981.8.30 row 9 (exact),"April 7, 1939","Mr. Kai Kajanus, 1 Katrinegatan, Helsingfors (Finlande)","1 Viola d'amore italien par Carlo Tononi Bolognese fece in Venezia l'A 1721 garantie authentique de cet auteur dans toutes les parties et dans un très bel état de conservation. Sorti par passavant Douane Centrale N° 2453 en date du 6 avril 1939. (1 old Italian viola d'amore by Carlo Tononi of Bologna, made in Venice in the year 1721, guaranteed authentic by this maker in all its parts and in a very fine state of preservation. Dispatched via Central Customs permit No. 2453 dated April 6, 1939.)",72000.0,,,Caressa & Français / Émile Français
643,Leandro Bisiach Milan 1899,violin,False,09/09/1931,Rothenberg à Paris,500,,,14/03/1932,4000,Mme G. Androuin à Paris,Private Client / Regional Buyer,private,,,private,,,False,B2C,700.0,187.0,,,,,,,,Caressa & Français / Émile Français
644,Jh Guarnerius del Gesù 1732,violin,False,25/09/1931,Henry Steinbach à Bruxelles,55000,10000.0,65000.0,25/09/1931,100000,M. Huguenin à Vevey (Suisse),Private Client / Regional Buyer,private,,,private,,,False,B2C,53.8,0.0,E.981.8.30 row 49 (exact),"September 25, 1931","M. Gustave Huguenin, ""Les Cerisiers"" à Cerniaux, s/Le Locle (Suisse)","1 Violon ancien italien de Joseph Guarnerius del Gesu, fait à Crémone année 1732... vendu en bon état de restauration avec étui double (1 old Italian violin by Joseph Guarnerius del Gesu, made in Cremona, year 1732... sold in good restored condition with a double case)",100000.0,,,Caressa & Français / Émile Français
645,Jh Guarnerius del Gesù 1736,violin,False,04/10/1931,John & Arthur Beare à Londres,118457,,,11/11/1931,270000,S. Wolf à Strasbourg,Private Client / Regional Buyer,trade,John & Arthur Beare (London),verified,trade,S. Wolf (Strasbourg),verified,False,B2B,127.9,38.0,,,,,,,,Caressa & Français / Émile Français
646,J. B. Guadagnini Crémone 1758,violin,False,11/12/1931,John & Arthur Beare à Londres,59800,2500.0,62300.0,19/01/1932,112000,Oetertier à Winterthur,Private Client / Regional Buyer,trade,John & Arthur Beare (London),verified,private,,,False,B2C,79.8,39.0,E.981.8.30 row 51 (exact),"January 19, 1932","Friedrich Oederlin, Winterthur","1 Violon de G. B. Guadagnini à Crémone année 1758 (1 violin by G. B. Guadagnini of Cremona, year 1758)",112000.0,,,Caressa & Français / Émile Français
647,Joseph Damicli? Bologne 1750,violin,False,11/12/1931,Eug. Piré à Clamart,8000,2000.0,10000.0,16/06/1937,18000,Ottiger à Vevey,Private Client / Regional Buyer,private,,,private,,,False,B2C,80.0,2014.0,,,,,,,,Caressa & Français / Émile Français
648,A. Gragnani Livourne 1784,violin,False,30/01/1932,Eila Sokhoff à Paris,8000,2000.0,10000.0,28/02/1941,,"M. M. Hamma & Cie, Stuttgart","Hamma & Co. (Stuttgart), world-renowned German violin experts and dealers",private,,,trade,Hamma & Co. (Stuttgart),verified,False,B2B,,3317.0,,,,,,,,Caressa & Français / Émile Français
649,Imitation Allemande,violin,False,12/02/1932,Burou à Paris,250,,,12/03/1932,800,de Aguiar à Paris,Private Client / Regional Buyer,private,,,private,,,False,B2C,220.0,29.0,,,,,,,,Caressa & Français / Émile Français
650,ancien Allemand,violin,False,17/02/1932,Mayeux à Paris,500,,,18/12/1937,800,Hamma à Stuttgart,"Hamma & Co. (Stuttgart), world-renowned German violin experts and dealers",private,,,trade,Hamma & Co. (Stuttgart),verified,False,B2B,60.0,2131.0,,,,,,,,Caressa & Français / Émile Français
651,François Le Jeune à Paris 1754,violin,False,17/02/1932,Mayeux à Paris,500,,,07/12/1933,5000,Melle Robert à Paris,Private Client / Regional Buyer,private,,,private,,,False,B2C,900.0,659.0,,,,,,,,Caressa & Français / Émile Français
652,Michel Couturieux,violin,False,24/03/1932,Chamudet à Paris,100,,,22/03/1933,2000,Melle Morlot à Paris,Private Client / Regional Buyer,private,,,private,,,False,B2C,1900.0,363.0,,,,,,,,Caressa & Français / Émile Français
653,C. F. Landolfi Milan 1758,violin,False,31/03/1932,Bertagna à Biarritz,3000,1500.0,4500.0,18/06/1936,17000,Dr Bauget à Paris (sorti pour 9.500) adjudication de 25687pour 16.000,Private Client / Regional Buyer,private,,,private,,,False,B2C,277.8,1540.0,,,,,,,,Caressa & Français / Émile Français
654,Gand & Bernardel 1180 année 1885,violin,False,21/04/1932,Auguste Vernert à Paris,1000,,,,,,,private,,,private,,,False,B2C,,,,,,,,,,Caressa & Français / Émile Français
655,Delivet à Paris N°127année 1905,violin,False,30/04/1930,Elzon à Paris,250,250.0,500.0,28/05/1932,1500,M. de Aguiar à Paris,Private Client / Regional Buyer,private,,,private,,,False,B2C,200.0,759.0,,,,,,,,Caressa & Français / Émile Français
656,A. Stradivarius 1734,violin,False,20/10/1932,Caressa à Paris,300000,,,20/02/1933,650000,Melle Meurry à Paris avec reprise de 150.000de 2 violons,Private Client / Regional Buyer,trade,Albert Caressa / Vve Caressa (Paris),verified,private,,,False,B2C,116.7,123.0,,,,,,,,Caressa & Français / Émile Français
657,J. B. Guadagnini 1754,violin,False,20/10/1932,Melle Maury à Paris,70000,,,05/03/1935,75000,Bitella à La Haye,Private Client / Regional Buyer,private,,,trade,Antonio Citella (The Hague/Rotterdam),verified,False,B2B,7.1,866.0,,,,,,,,Caressa & Français / Émile Français
658,Sanctus Seraphin 1734,violin,False,20/10/1932,Melle Maury à Paris,20000,,,28/02/1941,,"M. M. Hamma, Stuttgart","Hamma & Co. (Stuttgart), world-renowned German violin experts and dealers",private,,,trade,Hamma & Co. (Stuttgart),verified,False,B2B,,3053.0,,,,,,,,Caressa & Français / Émile Français
659,Vieux Mirecourt,violin,False,27/10/1932,Comptant,100,400.0,500.0,25/09/1933,1600,Vendu Haulin à Madagascar,Private Client / Regional Buyer,private,,,private,,,False,B2C,220.0,333.0,,,,,,,,Caressa & Français / Émile Français
660,Pillement,violin,False,09/12/1933,Cillac à Paris,150,,,,,,,private,,,private,,,False,B2C,,,,,,,,,,Caressa & Français / Émile Français
661,Allemand tête de lion,violin,False,09/12/1933,Cillac à Paris,150,,,,,,,private,,,private,,,False,B2C,,,,,,,,,,Caressa & Français / Émile Français
662,violon Mirecourt,violin,False,09/12/1933,Cillac à Paris,50,,,23/02/1942,1000,"Mr Labrousse, Paris.",Private Client / Regional Buyer,private,,,private,,,False,B2C,1900.0,2998.0,,,,,,,,Caressa & Français / Émile Français
663,Johann Joseph Held à Beul près Boin 1860,violin,False,09/12/1933,Cillac à Paris,150,,,,,,,private,,,private,,,False,B2C,,,,,,,,,,Caressa & Français / Émile Français
664,J. F. Pressenda Turin 1833,violin,False,12/01/1933,Vial à Monaco,6000,,,,,,,private,,,private,,,False,B2C,,,,,,,,,,Caressa & Français / Émile Français
665,J. B. Guadagnini Plaisance 1746,violin,False,24/03/1933,Mme Morlot à Paris,40000,,,,,,,private,,,private,,,False,B2C,,,,,,,,,,Caressa & Français / Émile Français
666,A. P. Bernardel copie del Gesù,violin,False,24/03/1933,Munch Charles à Paris,8000,,,,,,,musician,Charles Munch (musician),verified,private,,,False,B2C,,,,,,,,,,Caressa & Français / Émile Français
667,Gand & Bernardel freres n1183 -1885,violin,False,05/04/1933,Chauvain à Paris,1000,,,,,,,private,,,private,,,False,B2C,,,,,,,,,,Caressa & Français / Émile Français
668,Caressa & Français 614-1920,violin,True,19/04/1933,Dutilleul à St-Quentin,800,,,,,,,private,,,private,,,False,B2C,,,,,,,,,,Caressa & Français / Émile Français
669,Joseph Rocca Turin 1836,violin,False,27/04/1933,E. Beltrando à Bruxelles,9000,,,,,,,trade,Beltrando (Brussels),verified,private,,,False,B2C,,,,,,,,,,Caressa & Français / Émile Français
670,Chibout à Paris 1829,violin,False,19/05/1933,Chss Tpaise à Paris,8000,,,,,,,private,,,private,,,False,B2C,,,,,,,,,,Caressa & Français / Émile Français
671,Tyrolien modèle 1712 à Salzbourg,violin,False,26/05/1933,Bellier à Paris,1000,1000.0,2000.0,25/01/1934,4700,Mr Paul Dutery à Paris,Private Client / Regional Buyer,private,,,private,,,False,B2C,135.0,244.0,,,,,,,,Caressa & Français / Émile Français
672,"A. Stradivarius 1709, 1/2MSD",violin,False,10/06/1933,Marchesi à Rome,62000,3000.0,65000.0,16/03/1936,97695,Émile Herrmann à New-York,"Emil Herrmann (New York/Berlin), legendary international rare violin dealer",trade,Marchesi (Rome),verified,trade,Emil Herrmann (Berlin/NY),verified,False,B2B,50.3,1010.0,E.981.8.30 row 36 (exact),"March 16, 1936","Emil Herrmann, New York","1 Violon ancien italien d'Antoine Stradivarius, année 1709. Sorti par passavant N° 0100 de la Douane Centrale du 3 Janvier 1935, passavant prolongé le 3 Décembre 1936. (1 old Italian violin by Antonio Stradivarius, year 1709. Dispatched via Central Customs permit No. 0100 dated January 3, 1935, with the permit extended on December 3, 1936.)",97695.0,,,Caressa & Français / Émile Français
673,Ventapane à Naples 1830,violin,False,23/11/1933,Bossard-Bonnel à Rennes,3000,,,11/09/1942,50000,"Mr Fridolin Hamma, Stuttgart","Hamma & Co. (Stuttgart), world-renowned German violin experts and dealers",trade,Bossard-Bonnel (Rennes),verified,trade,Hamma & Co. (Stuttgart),verified,False,B2B,1566.7,3214.0,,,,,,,,Caressa & Français / Émile Français
674,Germain à Paris 1869,violin,False,07/12/1933,Melle Robert à Paris,300,,,,,,,private,,,private,,,False,B2C,,,,,,,,,,Caressa & Français / Émile Français
675,Allemand copie Gagliano,violin,False,15/12/1933,Warfield au Havre,300,,,28/05/1935,2000,H. Werro à Berne,"Henry Werro (Bern), renowned Swiss luthier and rare violin dealer",private,,,trade,Henry Werro (Bern),verified,False,B2B,566.7,529.0,E.981.8.30 row 40 (exact),May 1935,"Mr. Henry Werro, Berne","1 Violon ancien français de J. L. Germain, à Paris année 1869 (1 old French violin by Joseph Louis Germain, Paris, year 1869)",2000.0,,,Caressa & Français / Émile Français
676,Melegari Frères Turin 1870,violin,False,22/12/1933,Lebon à Paris,400,800.0,1200.0,01/12/1935,5000,Chanudet à Paris,Private Client / Regional Buyer,private,,,private,,,False,B2C,316.7,709.0,,,,,,,,Caressa & Français / Émile Français
677,Roze à Orléans 1758,violin,False,04/01/1934,Mansiaux à Paris,750,,,27/01/1937,2000,Fels à Paris,Private Client / Regional Buyer,private,,,private,,,False,B2C,166.7,1119.0,,,,,,,,Caressa & Français / Émile Français
678,Leclerc à Paris 1769,violin,False,25/01/1934,Card Dutreil à Paris,500,,,26/01/1937,2000,Lachmann Los Angeles,"Erich Lachmann (Berlin/Los Angeles), highly influential violin expert & dealer",private,,,trade,Erich Lachmann (Berlin),verified,False,B2B,300.0,1097.0,E.981.8.30 row 30 (exact),"January 26, 1937","Mr. Erich Lachmann, Los Angeles","1 Violon ancien français par Leclerc à Paris année 1769 (1 old French violin by Leclerc of Paris, year 1769)",2000.0,,,Caressa & Français / Émile Français
678 bis,N. Amati Crémone 1656,violin,False,30/03/1934,Marwog à Amsterdam,50000,,,30/03/1934,80000,Georges Gould à Garches,"George Gould, prominent wealthy collector / dealer",private,,,trade,George Gould (collector-dealer),verified,False,B2B,60.0,0.0,,,,,,,,Caressa & Français / Émile Français
679,Gand père 1742,violin,False,30/03/1934,Georges Gould à Garches,5000,,,30/03/1934,5000,annulé!,Private Client / Regional Buyer,trade,George Gould (collector-dealer),verified,private,,,False,B2C,0.0,0.0,,,,,,,,Caressa & Français / Émile Français
680,Violon Mirecourt,violin,False,26/03/1934,Durand-Bardet à Paris,100,,,06/06/1941,1000,"Mr Halfon, à Aignay-le-Duc",Private Client / Regional Buyer,private,,,private,,,False,B2C,900.0,2629.0,,,,,,,,Caressa & Français / Émile Français
681,A. P. Bernardel 1852,violin,False,06/04/1934,Souplet à St Germain en Laye,1500,,,07/04/1934,3000,Rabier de Vienne,Private Client / Regional Buyer,private,,,private,,,False,B2C,100.0,1.0,,,,,,,,Caressa & Français / Émile Français
682,Violon français Modèle Bassot 1800,violin,False,14/04/1934,Bruille à Paris,350,,,,,,,private,,,private,,,False,B2C,,,,,,,,,,Caressa & Français / Émile Français
683,Gand frères 1859 N°302,violin,False,16/05/1934,Lehé à Paris,1000,,,,,,,private,,,private,,,False,B2C,,,,,,,,,,Caressa & Français / Émile Français
684,Tyrolien,violin,False,25/06/1934,de Costares à Paris,250,,,,,,,private,,,private,,,False,B2C,,,,,,,,,,Caressa & Français / Émile Français
685,J. B. Vuillaume copie Strad.,violin,False,25/06/1934,de Costares à Paris,2500,,,09/11/1937,7000,Wkl à Strasbourg,Private Client / Regional Buyer,private,,,trade,S. Wolf (Strasbourg),verified,False,B2B,180.0,1233.0,,,,,,,,Caressa & Français / Émile Français
686,Meriotte à Lyon 1761,violin,False,25/06/1934,de Costares à Paris,250,1000.0,1250.0,28/01/1937,3000,Lachmann Los Angeles,"Erich Lachmann (Berlin/Los Angeles), highly influential violin expert & dealer",private,,,trade,Erich Lachmann (Berlin),verified,False,B2B,140.0,948.0,E.981.8.30 row 27 (exact),"January 26, 1937","Mr. Erich Lachmann, Los Angeles","1 Violon ancien français par Chanot jeune à Paris année 1839 (1 old French violin by Chanot the younger of Paris, year 1839)",3000.0,,,Caressa & Français / Émile Français
687,Gand frères 1863,violin,False,09/07/1934,Presberg à Paris,800,,,28/05/1935,5000,H. Werro à Berne,"Henry Werro (Bern), renowned Swiss luthier and rare violin dealer",private,,,trade,Henry Werro (Bern),verified,False,B2B,525.0,323.0,E.981.8.30 row 39 (exact),May 1935,"Mr. Henry Werro, Berne","1 Violon ancien français de Gand frères année 1863 N° 354 (1 old French violin by Gand Frères, year 1863, No. 354)",5000.0,,,Caressa & Français / Émile Français
688,Gve Bernardel 1897N°1809,violin,False,29/10/1934,Dr Bauget à Paris,1000,,,,,,,private,,,private,,,False,B2C,,,,,,,,,,Caressa & Français / Émile Français
689,Violon français,violin,False,07/12/1934,"M. Villemeau, Colombes",200,,,,,,,private,,,private,,,False,B2C,,,,,,,,,,Caressa & Français / Émile Français
690,Luigi Risolotti Turin 1905,violin,False,12/12/1934,Vve Pfeiffer-Casal à Paris,250,500.0,750.0,10/02/1936,2000,Mme Brimback à Raincy (Seine),Private Client / Regional Buyer,private,,,private,,,False,B2C,166.7,425.0,,,,,,,,Caressa & Français / Émile Français
691,J. B. Vuillaume à Paris,violin,False,09/01/1935,Chauvain à Verneuil s/Avre,1500,,,01/01/1935,4000,Wolf à Strasbourg,Private Client / Regional Buyer,private,,,trade,S. Wolf (Strasbourg),verified,False,B2B,166.7,,,,,,,,,Caressa & Français / Émile Français
692,George Klotz 1761,violin,False,13/03/1935,Fariano la Malmaison,1000,,,01/02/1943,2500,Vendu Mme Stang à Suresnes,Private Client / Regional Buyer,private,,,private,,,False,B2C,150.0,2882.0,,,,,,,,Caressa & Français / Émile Français
693,Gand & Bernardel 1889,violin,False,22/05/1935,Mechiari à Paris,800,,,01/01/1939,5000,Vendu à M. Blatél à la Flèche,Private Client / Regional Buyer,private,,,private,,,False,B2C,525.0,1320.0,,,,,,,,Caressa & Français / Émile Français
694(biffé),J. B. Guadagnini Parme 1757,violin,False,28/05/1935,Cohort à St Sever,30000,,,,,,,private,,,private,,,False,B2C,,,,,,,,,,Caressa & Français / Émile Français
694,Ambroise à Paris 1796,violin,False,02/07/1935,Ricolfe à Paris,150,,,,,,,private,,,private,,,False,B2C,,,,,,,,,,Caressa & Français / Émile Français
695,D. Montagnana à Venise 1720,violin,False,13/09/1935,Daber à Bâle,15000,,,28/02/1941,,M. M. Hamma & Cie Stuttgart,"Hamma & Co. (Stuttgart), world-renowned German violin experts and dealers",private,,,trade,Hamma & Co. (Stuttgart),verified,False,B2B,,1995.0,,,,,,,,Caressa & Français / Émile Français
696,J. B. Guadagnini Turin 1769,violin,False,30/09/1935,Chakouay à Paris,40000,,,15/09/1935,75000,Mr Draber à Berne,Private Client / Regional Buyer,private,,,private,,,False,B2C,87.5,,,,,,,,,Caressa & Français / Émile Français
697,N. Lupot Orléans 1793,violin,False,30/09/1935,Chakouay à Paris,10000,,,12/09/1935,15000,Mr J. Gould à Paris,"George Gould, prominent wealthy collector / dealer",private,,,trade,George Gould (collector-dealer),verified,False,B2B,50.0,,,,,,,,,Caressa & Français / Émile Français
698,Chanot jeune 1839,violin,False,05/02/1936,Mme de Saltmard Paris,500,,,26/01/1937,2000,Lachmann à Los Angeles,"Erich Lachmann (Berlin/Los Angeles), highly influential violin expert & dealer",private,,,trade,Erich Lachmann (Berlin),verified,False,B2B,300.0,356.0,E.981.8.30 row 28 (fuzzy),"January 26, 1937","Mr. Erich Lachmann, Los Angeles","1 Violon ancien français par Gairaud à Nantes année 1745 (1 old French violin by Gairaud of Nantes, year 1745)",3000.0,register 2000 vs declared 3000,confirmed discrepancy: register 2000 vs declared 3000,Caressa & Français / Émile Français
699,Tyrolien tête de lion,violin,False,01/01/1936,Mme Richer,500,,,01/01/1936,1500,Mme Claperlat à Paris,Private Client / Regional Buyer,private,,,private,,,False,B2C,200.0,0.0,,,,,,,,Caressa & Français / Émile Français
700,Dall'aglio Mantoue 1798,violin,False,19/06/1936,Dr Bauzet à Paris,1500,,,11/11/1942,100000,Melle Déry à Paris,Private Client / Regional Buyer,private,,,private,,,False,B2C,6566.7,2336.0,,,,,,,,Caressa & Français / Émile Français
701,Gand & Bernardel N°1378-89,violin,False,25/06/1936,Villain à Paris,700,,,25/06/1936,2000,Mr Paul Bresin à Châteauroux,Private Client / Regional Buyer,private,,,private,,,False,B2C,185.7,0.0,,,,,,,,Caressa & Français / Émile Français
702,Violon ancien Tyrolien XVIIIe,violin,False,27/06/1936,Dr Radiguet à Paris,200,,,27/06/1936,450,Bitella à La Haye,Private Client / Regional Buyer,private,,,trade,Antonio Citella (The Hague/Rotterdam),verified,False,B2B,125.0,0.0,,,,,,,,Caressa & Français / Émile Français
703,Tyrolien,violin,False,30/09/1936,Adrien Auger Charleville,700,,,30/09/1936,1500,Romeo à Paris,Private Client / Regional Buyer,private,,,private,,,False,B2C,114.3,0.0,,,,,,,,Caressa & Français / Émile Français
704,Breton daté 1830,violin,False,30/09/1936,Romeo à Paris,200,,,30/09/1936,,"M. François Rostand, Ville d'avray",Private Client / Regional Buyer,private,,,private,,,False,B2C,,0.0,,,,,,,,Caressa & Français / Émile Français
705,imitation? Caressa & Français,violin,True,30/10/1936,Dr H. Godard à Paris,1000,,,30/11/1936,,,,private,,,private,,,False,B2C,,31.0,,,,,,,,Caressa & Français / Émile Français
706,Caressa & Français 1920,violin,True,30/10/1936,Chini à Serres,500,50.0,550.0,,,,,private,,,private,,,False,B2C,,,,,,,,,,Caressa & Français / Émile Français
707,J. B. Vuillaume copie Strad.,violin,False,17/11/1936,Dugothier à Paris,4500,,,16/11/1936,6500,Vendu Mr Bitella La Haye,Private Client / Regional Buyer,private,,,trade,Antonio Citella (The Hague/Rotterdam),verified,False,B2B,44.4,,E.981.8.30 row 33 (exact),"November 17, 1936","Mr. Antonio Citella, La Haye","1 Violon ancien français de J.B. Vuillaume, rue Croix des Petits Champs Paris, année 1858. Sorti par passavant Douane Centrale N° 5010 du 14/9/36. (1 old French violin by J.B. Vuillaume, rue Croix des Petits Champs Paris, year 1858. Dispatched via Central Customs permit No. 5010 dated September 14, 1936.)",6500.0,,,Caressa & Français / Émile Français
708,A. & G. Amati 1618 (3/4rallongé),violin,False,21/01/1937,Dr Sandenski à Paris,4000,,,25/01/1937,15000,M. William Meyer à Strasbourg,Private Client / Regional Buyer,private,,,private,,,False,B2C,275.0,4.0,,,,,,,,Caressa & Français / Émile Français
709,J. B. Vuillaume copie Maggini,violin,False,21/01/1937,Brunot à Chagny,1000,,,31/05/1937,4000,Horg à Zurich,Private Client / Regional Buyer,private,,,trade,Hug & Co. (Zurich),verified,False,B2B,300.0,130.0,E.981.8.30 row 23 (fuzzy),"May 31, 1937","Hug & Cie., Zurich","1 Violon ancien français de J.B. Vuillaume, copie de Maggini avec archet de Vuillaume garni argent (1 old French violin by J.B. Vuillaume, copy of a Maggini, including a silver-mounted Vuillaume bow)",5000.0,register 4000 vs declared 5000,confirmed discrepancy: register 4000 vs declared 5000,Caressa & Français / Émile Français
710,Ch. Jacquot à Nancy,violin,False,22/01/1937,Bitella la Haye,2000,,,26/01/1937,3000,Lachmann Los Angeles,"Erich Lachmann (Berlin/Los Angeles), highly influential violin expert & dealer",trade,Antonio Citella (The Hague/Rotterdam),verified,trade,Erich Lachmann (Berlin),verified,False,B2B,50.0,4.0,E.981.8.30 row 26 (exact),"January 26, 1937","Mr. Erich Lachmann, Los Angeles","1 Violon ancien français par Jacquot à Nancy, copie de Stradivarius vers 1836 (1 old French violin by Jacquot of Nancy, copy of a Stradivarius, circa 1836)",3000.0,,,Caressa & Français / Émile Français
711,Nicolaus Giorgis Turin 1757,violin,False,29/01/1937,Reisk à Paris,2500,,,23/12/1942,2000,"Mr Tourlamy, Paris",Private Client / Regional Buyer,private,,,private,,,False,B2C,-20.0,2154.0,,,,,,,,Caressa & Français / Émile Français
712,Gve Bernardel N°1639-1893,violin,False,18/02/1937,Baylard à Paris,600,,,,,,,private,,,private,,,False,B2C,,,,,,,,,,Caressa & Français / Émile Français
713,Della Costa à Venise,violin,False,30/04/1937,Roque à Paris,2500,,,03/05/1937,6000,Bitella La Haye,Private Client / Regional Buyer,private,,,trade,Antonio Citella (The Hague/Rotterdam),verified,False,B2B,140.0,3.0,E.981.8.30 row 22 (exact),"May 3, 1937","Mr. Antonio Citella, à La Haye",1 Violon ancien italien de Della Costa (1 old Italian violin by Pietro della Costa),6000.0,,,Caressa & Français / Émile Français
714,Albert Caressa. N°161-1927copie Strad,violin,True,11/10/1937,Bertin à Paris,750,,,21/11/1938,,Mme Bonnet Montenau,Private Client / Regional Buyer,private,,,private,,,False,B2C,,406.0,,,,,,,,Caressa & Français / Émile Français
715,Joseph Gagliano Naples 1761,violin,False,19/10/1937,Migret à Lyon,9000,500.0,9500.0,12/05/1938,20000,Derivaux à Saint Dié (Vosges),Private Client / Regional Buyer,private,,,private,,,False,B2C,110.5,205.0,,,,,,,,Caressa & Français / Émile Français
716,Gustave Bernardel N°1328-1895,violin,False,20/12/1937,Finot à Nancy,500,,,,,,,private,,,private,,,False,B2C,,,,,,,,,,Caressa & Français / Émile Français
717,Italien moderne modèle Adani,violin,False,22/12/1937,Legoffin à Paris,400,500.0,900.0,07/04/1938,1500,Willy Chunis à Paris,Private Client / Regional Buyer,private,,,private,,,False,B2C,66.7,106.0,,,,,,,,Caressa & Français / Émile Français
718,A. Stradivarius 1728,violin,False,11/01/1938,Courvoisier à Paris,120000,,,01/02/1938,145000,Heermann à New-York,Private Client / Regional Buyer,trade,J.-L. Courvoisier (Paris),verified,trade,Emil Herrmann (Berlin/NY),verified,False,B2B,20.8,21.0,E.981.8.30 row 18 (exact),"February 1, 1938","Herrmann, New York","1 Violon ancien italien de Antoine Stradivarius année 1721. Sorti par passavant Douane Centrale N° 4908 du 22 Septembre 1937. (1 old Italian violin by Antonio Stradivarius, year 1721. Dispatched via Central Customs permit No. 4908 dated September 22, 1937.)",145000.0,,,Caressa & Français / Émile Français
719,Thouvenel à Paris,violin,False,11/05/1938,de Raimbauville Rouen,200,,,,,,,private,,,private,,,False,B2C,,,,,,,,,,Caressa & Français / Émile Français
720,Violon fais,violin,False,08/04/1938,Durey à Neuilly s/Seine,50,,,,,,,private,,,private,,,False,B2C,,,,,,,,,,Caressa & Français / Émile Français
721,Simon Straub 1786,violin,False,13/05/1938,Schanautz à Paris,250,,,11/02/1941,8000,"Docteur Kahn, ambassade d'Allemagne",Private Client / Regional Buyer,private,,,occupation,German occupation buyer,verified,False,OCC,3100.0,1005.0,,,,,,,,Caressa & Français / Émile Français
722,François Salzard 1820,violin,False,13/06/1938,Bressy à Paris,200,,,29/11/1938,,"Conillé, Dunkerque",Private Client / Regional Buyer,private,,,private,,,False,B2C,,169.0,,,,,,,,Caressa & Français / Émile Français
723,Ancien allemand m& J.G. Vogler 1740,violin,False,13/06/1938,Bressy à Paris,100,,,,,,,private,,,private,,,False,B2C,,,,,,,,,,Caressa & Français / Émile Français
724,Imitation Mirecourt ordinaire,violin,False,13/06/1938,Bressy à Paris,100,,,,,,,private,,,private,,,False,B2C,,,,,,,,,,Caressa & Français / Émile Français
720_bis,ancien français 3/4,violin,False,13/06/1938,Gimberteau Paris,200,,,18/05/1943,2500,Mme Gédon Monstereau,Private Client / Regional Buyer,private,,,private,,,False,B2C,1150.0,1800.0,,,,,,,,Caressa & Français / Émile Français
725,Mathias ?einsisen Mittenwald 1913,violin,False,13/06/1938,Meurdra à Angers,100,200.0,300.0,21/01/1942,3200,"M. Aimel, Chaland s/Sarthe",Private Client / Regional Buyer,private,,,private,,,False,B2C,966.7,1318.0,,,,,,,,Caressa & Français / Émile Français
727,Charles Jacquot Paris 1830,violin,False,01/07/1938,Laureil à Neuilly,1500,100.0,1600.0,,,,,private,,,private,,,False,B2C,,,,,,,,,,Caressa & Français / Émile Français
728,André Castagneri Paris 1732,violin,False,01/07/1938,Dr Larue à Nantes,1000,,,11/02/1941,10000,"Dr Rahn, Ambassade d'Allemagne.","Dr. Rudolf Rahn, German diplomat / representative of the Foreign Office in Paris during WWII",private,,,private,,,False,B2C,900.0,956.0,,,,,,,,Caressa & Français / Émile Français
729,Jh. Dollenz 1805Trieste,violin,False,01/07/1938,André Bisiach Milan,,,,,,,,trade,Leandro/Andrea Bisiach (Milan),verified,private,,,False,B2C,,,,,,,,,,Caressa & Français / Émile Français
730,Gustave Bernardel 1738-1896,violin,False,01/07/1938,M. Tailhades,,,,,,,,private,,,private,,,False,B2C,,,,,,,,,,Caressa & Français / Émile Français
731,C Bonnel N°95Rennes,violin,False,01/07/1938,,,,,15/03/1943,5000,Mr Karl Schwendd,Private Client / Regional Buyer,private,,,private,,,False,B2C,,1718.0,,,,,,,,Caressa & Français / Émile Français
732,École de Postacchini 1834,violin,False,01/07/1938,Mme Schneider Levadité,,,,,,,,private,,,private,,,False,B2C,,,,,,,,,,Caressa & Français / Émile Français
733,1/4sur Nicolas Gagliano 1723,violin,False,01/07/1938,"Mellant frères, Paris",,,,,,,,private,,,private,,,False,B2C,,,,,,,,,,Caressa & Français / Émile Français
734,J. B. Vuillaume N°2839-1871,violin,False,01/07/1938,"Vve Rbinin, Paris",,,,,,,,private,,,private,,,False,B2C,,,,,,,,,,Caressa & Français / Émile Français
735,3/4N. Vuillaume-Stentor,violin,False,01/07/1938,"Vergelleni, Paris",,,,10/11/1939,,"Goodlach, Los Angeles, U.S.A.",Private Client / Regional Buyer,private,,,private,,,False,B2C,,497.0,,,,,,,,Caressa & Français / Émile Français
736,1/2 N. Vuillaume-Stentor,violin,False,01/07/1938,"Vergelleni, Paris",,,,10/11/1939,,"Goodlach, Los Angeles, U.S.A.",Private Client / Regional Buyer,private,,,private,,,False,B2C,,497.0,,,,,,,,Caressa & Français / Émile Français
737,1/4Thiery à Paris,violin,False,01/07/1938,"Vergelleni, Paris",,,,,,,,private,,,private,,,False,B2C,,,,,,,,,,Caressa & Français / Émile Français
738,Breton Mirecourt 1820,violin,False,01/07/1938,Montreus,,,,02/05/1940,2164.5,"Robert Ferrer, Bellevue.",Private Client / Regional Buyer,private,,,private,,,False,B2C,,671.0,,,,,,,,Caressa & Français / Émile Français
739,Jacquot à Nancy 1860,violin,False,01/07/1938,"Curtil, Neuilly",,,,30/10/1940,9700,"Blassel, La Flèche",Private Client / Regional Buyer,private,,,private,,,False,B2C,,852.0,,,,,,,,Caressa & Français / Émile Français
740,Fl. Gagliano 1774,violin,False,01/07/1938,A. Caressa,,,,,,,,trade,Albert Caressa / Vve Caressa (Paris),verified,private,,,False,B2C,,,,,,,,,,Caressa & Français / Émile Français
741,Aldric à Paris,violin,False,01/07/1938,Heurtaux,,,,02/10/1943,65000,"Mr Hermann Laux, Stuttgart","Hermann Laux (Stuttgart), major German collector/dealer active in wartime Paris",private,,,trade,Hermann Laux (Stuttgart),verified,False,B2B,,1919.0,,,,,,,,Caressa & Français / Émile Français
742,Émile Boulangeot Lyon 1919,violin,False,01/07/1938,Irtubix,,,,12/10/1939,1500,"Mr Souplet, St Germain en Laye",Private Client / Regional Buyer,private,,,private,,,False,B2C,,468.0,,,,,,,,Caressa & Français / Émile Français
743,"J. G. Schorn, Salzbourg 1716",violin,False,01/07/1938,"J. Thibaud, Paris",,,,,,,,musician,Jacques Thibaud (violinist),verified,private,,,False,B2C,,,,,,,,,,Caressa & Français / Émile Français
744,Copie allemande modèle Platner 1747,violin,False,01/07/1938,"J. Thibaud , Paris",,,,,,,,musician,Jacques Thibaud (violinist),verified,private,,,False,B2C,,,,,,,,,,Caressa & Français / Émile Français
745,E. Cunault Villemomble 1924,violin,False,01/07/1938,"Armengaud, Paris",,,,,,,,private,,,private,,,False,B2C,,,,,,,,,,Caressa & Français / Émile Français
746,Imitation ancienne  ? Gagliano,violin,False,01/07/1938,"Stein-Sobotka, Paris",,,,15/10/1940,3000,"Devisselle, L. 20-651.",Private Client / Regional Buyer,private,,,private,,,False,B2C,,837.0,,,,,,,,Caressa & Français / Émile Français
747,Enrico Rocca,violin,False,01/07/1938,Hallgarten,,,,28/02/1939,,"Mr Vidrac, Paris",Private Client / Regional Buyer,private,,,private,,,False,B2C,,242.0,,,,,,,,Caressa & Français / Émile Français
748,Paolo Maggini Brescia,violin,False,01/07/1938,"A. Caressa , Paris",,,,,,,,trade,Albert Caressa / Vve Caressa (Paris),verified,private,,,False,B2C,,,,,,,,,,Caressa & Français / Émile Français
749,C. Henry à Paris,violin,False,01/07/1938,"A. Caressa , Paris",,,,,,,,trade,Albert Caressa / Vve Caressa (Paris),verified,private,,,False,B2C,,,,,,,,,,Caressa & Français / Émile Français
750,1/2 VieuxParis modèle Gabrielly,violin,False,01/07/1938,"Delroux , Paris",,,,,,,,private,,,private,,,False,B2C,,,,,,,,,,Caressa & Français / Émile Français
751,3/4 Vieux français modèle Cappa,violin,False,01/07/1938,"Delroux, Paris",,,,,,,,private,,,private,,,False,B2C,,,,,,,,,,Caressa & Français / Émile Français
752,7/8 Mansuy,violin,False,01/07/1938,"Delroux , Paris",,,,,,,,private,,,private,,,False,B2C,,,,,,,,,,Caressa & Français / Émile Français
753,Caressa & Français 1920,violin,True,01/07/1938,"Favier , Paris",,,,,,,,private,,,private,,,False,B2C,,,,,,,,,,Caressa & Français / Émile Français
754,J. B. Vuillaume Vernis,violin,False,01/07/1938,"Caressa , Paris",,,,,,,,trade,Albert Caressa / Vve Caressa (Paris),verified,private,,,False,B2C,,,,,,,,,,Caressa & Français / Émile Français
755,J. B. Vuillaume Paris,violin,False,01/07/1938,"Caressa, Paris",,,,,,,,trade,Albert Caressa / Vve Caressa (Paris),verified,private,,,False,B2C,,,,,,,,,,Caressa & Français / Émile Français
756,Tyrolien modèle J. Jais 1760,violin,False,01/07/1938,,,,,09/01/1941,5200,"Mr Ragadur, Rennes.",Private Client / Regional Buyer,private,,,private,,,False,B2C,,923.0,,,,,,,,Caressa & Français / Émile Français
757,Gaetano Dionelli Mantoue 1898,violin,False,01/07/1938,Biteri,,,,,,,,private,,,private,,,False,B2C,,,,,,,,,,Caressa & Français / Émile Français
758,Vuillaume Mirecourt,violin,False,01/07/1938,,,,,15/10/1940,1500,"Devisselle, L. 20-651.",Private Client / Regional Buyer,private,,,private,,,False,B2C,,837.0,,,,,,,,Caressa & Français / Émile Français
758_bis,J. G. Schorn Salzbourg 1710,violin,False,01/07/1938,J. Thibaud,,,,29/11/1938,,"René Montreux, Paris.",Private Client / Regional Buyer,musician,Jacques Thibaud (violinist),verified,private,,,False,B2C,,151.0,,,,,,,,Caressa & Français / Émile Français
759,A.G. Bernardel Paris 1864,violin,False,01/07/1938,Gourgwald Bocquet,,,,01/12/1942,40000,"Mr Fridolin Hamma, Stuttgart","Hamma & Co. (Stuttgart), world-renowned German violin experts and dealers",private,,,trade,Hamma & Co. (Stuttgart),verified,False,B2B,,1614.0,,,,,,,,Caressa & Français / Émile Français
760,Violon 3/4 J.B. Vuillaume Stentor,violin,False,,Daubé,,,,,,,,private,,,private,,,False,B2C,,,,,,,,,,Caressa & Français / Émile Français
760 bis,Mast fils a toulon 1834,violin,False,,,,,,,,,,private,,,private,,,False,B2C,,,,,,,,,,Caressa & Français / Émile Français
761,Sgarbi Giuseppe Modane,violin,False,,L. Bisiach / Vingoni,,,,15/10/1940,13000,Mlle Ninette Chamudel / Paris,,trade,Leandro/Andrea Bisiach (Milan),verified,private,,,False,B2C,,,,,,,,,,Caressa & Français / Émile Français
762,Gand & Bernardel Frères 1143-1884,violin,False,,Seigneury,,,,25/02/1942,10000,M. Courvoisier / Paris,,private,,,trade,J.-L. Courvoisier (Paris),verified,False,B2B,,,,,,,,,,Caressa & Français / Émile Français
763,J.B. Vuillaume Paris,violin,False,,Mavriot / Besancoon,,,,11/04/1940,,Hoddloch / Los Angeles / U.S.A.,,private,,,private,,,False,B2C,,,,,,,,,,Caressa & Français / Émile Français
764,Gustave Bernardel 1610-1893,violin,False,,Marquand / Paris,,,,12/11/1941,5000,M. Vogelweith / Strasbourg,,private,,,trade,Charles Vogelweith (Strasbourg),verified,False,B2B,,,,,,,,,,Caressa & Français / Émile Français
765,J.B. Guadagnini Plaisance 1747,violin,False,,Pannier-Callens / Lille,,,,10/02/1941,20000,Uhl / Montluçon,,private,,,private,,,False,B2C,,,,,,,,,,Caressa & Français / Émile Français
766,J.B. Vuillaume Paris 1828,violin,False,,Hel / Lille,,,,,,,,trade,Pierre Hel (Lille),verified,private,,,False,B2C,,,,,,,,,,Caressa & Français / Émile Français
767,J.B. Vuillaume / Paris Messie,violin,False,,Hug / Zurich,,,,,,,,trade,Hug & Co. (Zurich),verified,private,,,False,B2C,,,,,,,,,,Caressa & Français / Émile Français
768,Ancien Allemand,violin,False,,Fenouil / Paris,,,,12/05/1941,650,Lieutenant Riesch / armée allemande,,private,,,occupation,German occupation buyer,verified,False,OCC,,,,,,,,,,Caressa & Français / Émile Français
769,Pique a Paris 1803,violin,False,,J. Mader / Forch b. Zurich,,,,,,,,private,,,private,,,False,B2C,,,,,,,,,,Caressa & Français / Émile Français
770,Soffritti Ettore Ferrare 1902,violin,False,,Henri Schmeil,,,,,,,,private,,,private,,,False,B2C,,,,,,,,,,Caressa & Français / Émile Français
771,Télesphore Barbé,violin,False,,Lavril / Vannes,,,,07/07/1939,2500,Wolf / Strasbourg,,private,,,trade,S. Wolf (Strasbourg),verified,False,B2B,,,,,,,,,,Caressa & Français / Émile Français
772,Gustave Bernardel 1896,violin,False,,Bonnet,,,,,,,,private,,,private,,,False,B2C,,,,,,,,,,Caressa & Français / Émile Français
773,Gustave Bernardel 1892,violin,False,,Chamudet / Paris,,,,02/12/1941,10500,Mme Angelique Serbat / Gamache,,private,,,private,,,False,B2C,,,,,,,,,,Caressa & Français / Émile Français
774,3/4 Ch. Claudot,violin,False,,Quiroga / Paris,,,,,,,,musician,Manuel Quiroga (violinist),verified,private,,,False,B2C,,,,,,,,,,Caressa & Français / Émile Français
775,Ch. Résuche à Paris 1897,violin,False,,Claudot / Dijon,,,,22/11/1940,5500,Domergue / Montereau,,trade,Claudot (Dijon),verified,private,,,False,B2C,,,,,,,,,,Caressa & Français / Émile Français
776,Thouvenel à Mirecourt,violin,False,,Claudot,,,,22/12/1941,,Commandant Behrendt / armée allemande,,trade,Claudot (Dijon),verified,occupation,German occupation buyer,verified,False,OCC,,,,,,,,,,Caressa & Français / Émile Français
777,Blanchi agostino 1885,violin,False,,Blanchi / Nice,,,,,,M. Albert Uhl / Montluçon,,trade,Blanchi (Nice),verified,private,,,False,B2C,,,,,,,,,,Caressa & Français / Émile Français
778,J.B. Guadagnini Plaisance 1744,violin,False,,Brot / Paris,,,,,,M. Albert Uhl / Montluçon,,private,,,private,,,False,B2C,,,,,,,,,,Caressa & Français / Émile Français
779,A. Stradivarius daté 1700,violin,False,,Pegrot,,,,,,MM. Mamma / Cie Stuttgart,,private,,,trade,Hamma & Co. (Stuttgart),verified,False,B2B,,,,,,,,,,Caressa & Français / Émile Français
780,Pique Paris 1789,violin,False,,Hemmendinger,,,,25/02/1941,,MM. Mamma / Cie Stuttgart,,private,,,trade,Hamma & Co. (Stuttgart),verified,False,B2B,,,,,,,,,,Caressa & Français / Émile Français
781,A.G. Bernardel 1855.,violin,False,,Rodiguer,,,,12/02/1941,14000,M. Vogelweith / Strastg,,private,,,trade,Charles Vogelweith (Strasbourg),verified,False,B2B,,,,,,,,,,Caressa & Français / Émile Français
782,Ancien français 18e modèle ?oppanis,violin,False,,Dussauge,,,,28/01/1941,3000,Mme François Serre / Levallois Perret,,private,,,trade,François Serre (Levallois),verified,False,B2B,,,,,,,,,,Caressa & Français / Émile Français
783,Ancien français par Caussin,violin,False,,Luca,,,,,,,,private,,,private,,,False,B2C,,,,,,,,,,Caressa & Français / Émile Français
784,Franz Meinradus à Linz 1785,violin,False,,Ch. Kiener,,,,,,,,private,,,private,,,False,B2C,,,,,,,,,,Caressa & Français / Émile Français
785,D. Nicolas Duchène,violin,False,,Claudot,,,,,,,,trade,Claudot (Dijon),verified,private,,,False,B2C,,,,,,,,,,Caressa & Français / Émile Français
786,J. Boquay 1723,violin,False,,Luca,,,,01/10/1941,8000,M. Mamma / Stuttgart,,private,,,trade,Hamma & Co. (Stuttgart),verified,False,B2B,,,,,,,,,,Caressa & Français / Émile Français
787,C.A. Miremont Paris 1870,violin,False,,Luca,,,,22/05/1943,50000,M. Hermann Laux / Stuttgart,,private,,,trade,Hermann Laux (Stuttgart),verified,False,B2B,,,,,,,,,,Caressa & Français / Émile Français
788,Violon  fait sur modèle Céloniatus 1730,violin,False,,Pridral,,,,02/02/1944,5000,M. Depeaux / Paris,,private,,,private,,,False,B2C,,,,,,,,,,Caressa & Français / Émile Français
789,D. Nicolas Ainé 0.364,violin,False,,Drilham,,,,05/04/1941,600,M. Gauvel / Paris,,private,,,private,,,False,B2C,,,,,,,,,,Caressa & Français / Émile Français
790,Leopold Albani Florence 1897,violin,False,,Luca,,,,08/09/1942,20000,Comptant Frickheim,,private,,,private,,,False,B2C,,,,,,,,,,Caressa & Français / Émile Français
791,Johannes Tononi Bologne 1731,violin,False,,Bourdon,,,,20/05/1943,25000,Mlle De Cadenat / Paris,,private,,,private,,,False,B2C,,,,,,,,,,Caressa & Français / Émile Français
791 bis,Gand Père année 1827,violin,False,,"Mme Bérard, Breuilpont",,,,12/12/1940,17000,"Mr Albert Uhl, Montluçon",Private Client / Regional Buyer,private,,,private,,,False,B2C,,,,,,,,,,Caressa & Français / Émile Français
792,Ancien 18ème Siècle,violin,False,,,,,,13/06/1944,25000,Comptant,Private Client / Regional Buyer,private,,,private,,,False,B2C,,,,,,,,,,Caressa & Français / Émile Français
792 bis,L. Widhalm Nuremberg 1768,violin,False,,,,,,23/12/1940,12000,"Madame Larivière, Paris",Private Client / Regional Buyer,private,,,private,,,False,B2C,,,,,,,,,,Caressa & Français / Émile Français
793,C. Pierray,violin,False,,"Mme Pannier, Lille",,,,,,,,private,,,private,,,False,B2C,,,,,,,,,,Caressa & Français / Émile Français
793,ancien modèle toppanis 18ème Siècle,violin,False,,"Mr Dussauge, Paris",,,,28/01/1941,,"Mr François Serre, Levallois Perret","François Serre, French violin dealer / luthier in Paris/Levallois-Perret",private,,,trade,François Serre (Levallois),verified,False,B2B,,,,,,,,,,Caressa & Français / Émile Français
794,7/8 G. Cappa 1662,violin,False,,"Jacques. Français ,  Paris",,,,28/02/1941,,M. M. Hamma & Cie Stuttgart,"Hamma & Co. (Stuttgart), world-renowned German violin experts and dealers",trade,Maison Français (internal/family),verified,trade,Hamma & Co. (Stuttgart),verified,False,B2B,,,,,,,,,,Caressa & Français / Émile Français
794bis,Ferdinandus Leoni Parma 18.0,violin,False,,"Melle Marvy , Paris",,,,25/02/1941,,"Mr Faurat, Paris.",Private Client / Regional Buyer,private,,,private,,,False,B2C,,,,,,,,,,Caressa & Français / Émile Français
795,L. Storioni 1778.,violin,False,,"Jacques. Français ,  Paris",,,,28/02/1941,,M. M. Hamma & C. Stuttgart,"Hamma & Co. (Stuttgart), world-renowned German violin experts and dealers",trade,Maison Français (internal/family),verified,trade,Hamma & Co. (Stuttgart),verified,False,B2B,,,,,,,,,,Caressa & Français / Émile Français
796,Ecole Turin modèle Guadagnini,violin,False,,"Emile François , Paris",,,,28/02/1941,,M. M. Hamma & Cie Stuttgart,"Hamma & Co. (Stuttgart), world-renowned German violin experts and dealers",trade,Maison Français (internal/family),verified,trade,Hamma & Co. (Stuttgart),verified,False,B2B,,,,,,,,,,Caressa & Français / Émile Français
797,Italien école de Gobetti vers 1809,violin,False,,Français (Boulangeot),,,,28/02/1941,,M. M. Hamma & Cie Stuttgart,"Hamma & Co. (Stuttgart), world-renowned German violin experts and dealers",trade,Maison Français (internal/family),verified,trade,Hamma & Co. (Stuttgart),verified,False,B2B,,,,,,,,,,Caressa & Français / Émile Français
797bis,F. Gagliano Naples,violin,False,,"Coullant-Damouselle, Aramon",,,,05/03/1941,25000,"Mr Bourdon, Paris.",Private Client / Regional Buyer,private,,,private,,,False,B2C,,,,,,,,,,Caressa & Français / Émile Français
798,F. A. Dalla Costa Venise 1741,violin,False,,"Melle Thomas, Neuilly",,,,,,,,private,,,private,,,False,B2C,,,,,,,,,,Caressa & Français / Émile Français
799,Imitation Stradivarius,violin,False,,"Mme Leitner, Paris",,,,08/03/1941,1500,"M. Loppheim, Paris.",Private Client / Regional Buyer,private,,,private,,,False,B2C,,,,,,,,,,Caressa & Français / Émile Français
512 bis,V aillant modèle Guadagnini,violin,False,,,,,,13/06/1941,15000,"Mr Camy, Le Havre",Private Client / Regional Buyer,private,,,private,,,False,B2C,,,,,,,,,,Caressa & Français / Émile Français
Dépôt J.Ch.,Ancien allemand modèle Michael Platner 1747,violin,False,,,,,,20/12/1938,1500,"Mme Stein Sobotka, Paris.",Private Client / Regional Buyer,private,,,private,,,False,B2C,,,,,,,,,,Caressa & Français / Émile Français
Dépôt A. F.,Georges Cunault Villemomble 1924,violin,False,,,,,,19/12/1938,3000,"Ponchaud, Montereau",Private Client / Regional Buyer,private,,,private,,,False,B2C,,,,,,,,,,Caressa & Français / Émile Français
14A.C.,Ferdinand Gagliano Naples 1774,violin,False,,,,,,05/12/1938,22000,"Mme Dupuy, Paris.",Private Client / Regional Buyer,private,,,private,,,False,B2C,,,,,,,,,,Caressa & Français / Émile Français
800,Grivel à Grenoble 1869,violin,False,,"Mr Paul Behu, Paris",,,,,,,,private,,,private,,,False,B2C,,,,,,,,,,Caressa & Français / Émile Français
801,Ch. A. Maucotel Paris 1854,violin,False,,"Mr E. Laurent, Paris",,,,,,,,private,,,private,,,False,B2C,,,,,,,,,,Caressa & Français / Émile Français
802,1/4Vm Grandjon,violin,False,,"Mr Girard, Rouen",,,,03/02/1944,5000,"Mme Morin, Paris",Private Client / Regional Buyer,private,,,private,,,False,B2C,,,,,,,,,,Caressa & Français / Émile Français
803,"Delanoy, Bordeaux",violin,False,,"Mme Vve A. Robin, Bordeaux",,,,,,,,private,,,private,,,False,B2C,,,,,,,,,,Caressa & Français / Émile Français
804,J.B. Vuillaume,violin,False,,"Mme Vve A. Robin, Bordeaux",,,,,,,,private,,,private,,,False,B2C,,,,,,,,,,Caressa & Français / Émile Français
805,ancien français vers 1830 modèle B. Fleury,violin,False,,"Mme Payor, Paris",,,,,altt,"Barthe, Paris",Private Client / Regional Buyer,private,,,private,,,False,B2C,,,,,,,,,,Caressa & Français / Émile Français
806,ancien Nicolas Ries vienne 1827,violin,False,,M. Schramm,,,,,,,,private,,,private,,,False,B2C,,,,,,,,,,Caressa & Français / Émile Français
807,ancien Hollandais 18ème Siècle,violin,False,,Bertrand Mme Paris,,,,,,,,private,,,private,,,False,B2C,,,,,,,,,,Caressa & Français / Émile Français
808,Salomon à Paris 18ème siècle,violin,False,,"Mme Perret, Paris",,,,06/07/1941,7000,"Mr Hamma, Stuttgart","Hamma & Co. (Stuttgart), world-renowned German violin experts and dealers",private,,,trade,Hamma & Co. (Stuttgart),verified,False,B2B,,,,,,,,,,Caressa & Français / Émile Français
809,"3/4Thomas Borné, Versailles 1804",violin,False,,"Mr Barron, Versailles",,,,,,,,private,,,private,,,False,B2C,,,,,,,,,,Caressa & Français / Émile Français
810,Nicolas Vissenaire à Lyon 1849,violin,False,,"M. Lucq, Paris",,,,,,,,private,,,private,,,False,B2C,,,,,,,,,,Caressa & Français / Émile Français
811,A. Siega Venise 1905,violin,False,,"M. Luca, Paris",,,,,,,,private,,,private,,,False,B2C,,,,,,,,,,Caressa & Français / Émile Français
812,Vieux Français,violin,False,,Comptant,,,,,,,,private,,,private,,,False,B2C,,,,,,,,,,Caressa & Français / Émile Français
813,Violon ordinaire,violin,False,,Comptant,,,,,,,,private,,,private,,,False,B2C,,,,,,,,,,Caressa & Français / Émile Français
814,Ch. JB Collin Mézin Paris 1890,violin,False,,M. Meriche,,,,,,,,private,,,private,,,False,B2C,,,,,,,,,,Caressa & Français / Émile Français
815,Vuillaume Père,violin,False,,"Mr Flaret, Paris",,,,,,,,private,,,private,,,False,B2C,,,,,,,,,,Caressa & Français / Émile Français
d. N.V.,V. Ventapane,violin,False,,,,,,,,,,private,,,private,,,True,B2C,,,,,,,,,,Caressa & Français / Émile Français
d. N.V.,J. Boquay Paris 17..,violin,False,,,,,,,,"Mr Hamma, Stuttgart","Hamma & Co. (Stuttgart), world-renowned German violin experts and dealers",private,,,trade,Hamma & Co. (Stuttgart),verified,True,B2B,,,,,,,,,,Caressa & Français / Émile Français
d. F. F.,"Guillami, tête de lion allemande",violin,False,,,,,,10/09/1941,12500,"Mr Hamma, Stuttgart","Hamma & Co. (Stuttgart), world-renowned German violin experts and dealers",private,,,trade,Hamma & Co. (Stuttgart),verified,True,B2B,,,,,,,,,,Caressa & Français / Émile Français
d. Li,Nicolas aîné,violin,False,,,,,,,,,,private,,,private,,,True,B2C,,,,,,,,,,Caressa & Français / Émile Français
816,A. Deroux Paris 1902,violin,False,,Melle Boisseaut.,,,,,,,,private,,,private,,,False,B2C,,,,,,,,,,Caressa & Français / Émile Français
817,Breton à Paris 1799,violin,False,,Mr Aubry,,,,,,,,private,,,private,,,False,B2C,,,,,,,,,,Caressa & Français / Émile Français
818,Allemand,violin,False,,Mr Aubry,,,,,1200,"Mme Bertrand, Metz",Private Client / Regional Buyer,private,,,private,,,False,B2C,,,,,,,,,,Caressa & Français / Émile Français
819,Copie d'après J.B. Vuillaume,violin,False,,Mr Aubry,,,,06/11/1941,1000,Armée Allemande,German Occupying Forces / Army command during World War II,private,,,occupation,German occupation buyer,verified,False,OCC,,,,,,,,,,Caressa & Français / Émile Français
820,C. Pierray 17..,violin,False,,Mr Aubry,,,,,,,,private,,,private,,,False,B2C,,,,,,,,,,Caressa & Français / Émile Français
d. A. V.,G. Bernardel N°1801-1897,violin,False,,,,,,02/04/1941,8000,"Mr Houel, La Flèche",Private Client / Regional Buyer,private,,,private,,,True,B2C,,,,,,,,,,Caressa & Français / Émile Français
d. F.,Ancien hollandais,violin,False,,,,,,12/11/1941,8000,"Mr Vogelweith, Strasbourg","Charles Vogelweith (Strasbourg), well-known regional French violin maker and dealer",private,,,trade,Charles Vogelweith (Strasbourg),verified,True,B2B,,,,,,,,,,Caressa & Français / Émile Français
,J. Tarasconi 1882,violin,False,,,,,,01/05/1941,10000,"Mme Payer, Paris",Private Client / Regional Buyer,private,,,private,,,False,B2C,,,,,,,,,,Caressa & Français / Émile Français
d. N.V.,P. A. Testore,violin,False,,,,,,10/11/1941,,"Échangé Melle Tribot, Paris",Private Client / Regional Buyer,private,,,private,,,True,B2C,,,,,,,,,,Caressa & Français / Émile Français
d. N.V.,Ancien,violin,False,,,,,,12/11/1941,8000,"Mr Vogelweith, Strasbourg","Charles Vogelweith (Strasbourg), well-known regional French violin maker and dealer",private,,,trade,Charles Vogelweith (Strasbourg),verified,True,B2B,,,,,,,,,,Caressa & Français / Émile Français
821,Vieux français 18ème siècle,violin,False,,"Melle Beraud-Villars, Paris",,,,,,,,private,,,private,,,False,B2C,,,,,,,,,,Caressa & Français / Émile Français
822,J. B. Vuillaume,violin,False,,"Mr Lestrugeaut, Le Mans",,,,24/06/1942,12000,"Mr of L. Courvoisier, Paris",Private Client / Regional Buyer,private,,,trade,J.-L. Courvoisier (Paris),verified,False,B2B,,,,,,,,,,Caressa & Français / Émile Français
823,Imitation del Gesù,violin,False,,"Mr Quiroga, Paris",,,,,,,,musician,Manuel Quiroga (violinist),verified,private,,,False,B2C,,,,,,,,,,Caressa & Français / Émile Français
824,ancien français,violin,False,,"Mr Quiroga, Paris",,,,,,,,musician,Manuel Quiroga (violinist),verified,private,,,False,B2C,,,,,,,,,,Caressa & Français / Émile Français
825,Imitation ancienne D. Montagnana,violin,False,,"Mr Quiroga, Paris",,,,,,,,musician,Manuel Quiroga (violinist),verified,private,,,False,B2C,,,,,,,,,,Caressa & Français / Émile Français
826,Imitation A. Stradivarius,violin,False,,"Mr Quiroga, Paris",,,,,,,,musician,Manuel Quiroga (violinist),verified,private,,,False,B2C,,,,,,,,,,Caressa & Français / Émile Français
827,Imitation ancienne,violin,False,,"Mr Quiroga, Paris",,,,10/09/1942,15000,"Mr Fridolin Hamma, Stuttgart","Hamma & Co. (Stuttgart), world-renowned German violin experts and dealers",musician,Manuel Quiroga (violinist),verified,trade,Hamma & Co. (Stuttgart),verified,False,B2B,,,,,,,,,,Caressa & Français / Émile Français
828,Imitation Platner,violin,False,,"Mme Sobotka, Paris",,,,19/11/1942,3000,Lieutenant French,Private Client / Regional Buyer,private,,,private,,,False,B2C,,,,,,,,,,Caressa & Français / Émile Français
829,Imitation Guarnerius,violin,False,,Chevalier,,,,,,Vendu Comptant,Private Client / Regional Buyer,private,,,private,,,False,B2C,,,,,,,,,,Caressa & Français / Émile Français
830,ancien allemand,violin,False,,Mr Watherin,,,,,,,,private,,,private,,,False,B2C,,,,,,,,,,Caressa & Français / Émile Français
831,Violon 1/2 copie ancienne,violin,False,,"Mr Querquin, Paris",,,,,,,,private,,,private,,,False,B2C,,,,,,,,,,Caressa & Français / Émile Français
832,Violon 3/4copie ancienne,violin,False,,"Mr Querquin, Paris",,,,27/04/1942,575,Melle Noëlla Corsin (Comptant),Private Client / Regional Buyer,private,,,private,,,False,B2C,,,,,,,,,,Caressa & Français / Émile Français
833,Léonidas Nadegini Paris 1912,violin,False,,"Mr J. Thibaud, Paris",,,,27/01/1942,3000,"M. Amat, Châlons s/Marne",Private Client / Regional Buyer,musician,Jacques Thibaud (violinist),verified,private,,,False,B2C,,,,,,,,,,Caressa & Français / Émile Français
834,Ancien Allemand,violin,False,,"Mr Boulangeot, Asnières",,,,,,,,trade,Émile Boulangeot (Lyon/Paris),verified,private,,,False,B2C,,,,,,,,,,Caressa & Français / Émile Français
835,Français (Deblaye),violin,False,,M. Lafont,,,,,,,,private,,,private,,,False,B2C,,,,,,,,,,Caressa & Français / Émile Français
d. A. V.,Adolphe Gand Paris 1845,violin,False,,,,,,,18000,Mr Vogelweith Strasbourg,"Charles Vogelweith (Strasbourg), well-known regional French violin maker and dealer",private,,,trade,Charles Vogelweith (Strasbourg),verified,True,B2B,,,,,,,,,,Caressa & Français / Émile Français
d. Ri,Pierre Hel Lille 1914,violin,False,,,,,,10/09/1941,6000,Mr Hamma Stuttgart,"Hamma & Co. (Stuttgart), world-renowned German violin experts and dealers",private,,,trade,Hamma & Co. (Stuttgart),verified,True,B2B,,,,,,,,,,Caressa & Français / Émile Français
d. J. F.,Joseph a. Gagliano Naples 1783,violin,False,,,,,,12/11/1941,25000,"Mr Vogelweith, Strasbourg","Charles Vogelweith (Strasbourg), well-known regional French violin maker and dealer",private,,,trade,Charles Vogelweith (Strasbourg),verified,True,B2B,,,,,,,,,,Caressa & Français / Émile Français
d. A. V.,Italien école de Mantoue vers 1830,violin,False,,,,,,10/09/1941,,"Mr Hamma, Stuttgart","Hamma & Co. (Stuttgart), world-renowned German violin experts and dealers",private,,,trade,Hamma & Co. (Stuttgart),verified,True,B2B,,,,,,,,,,Caressa & Français / Émile Français
,J. B. Genova Turin 1764,violin,False,,,,,,,,"Mr Hamma, Stuttgart","Hamma & Co. (Stuttgart), world-renowned German violin experts and dealers",private,,,trade,Hamma & Co. (Stuttgart),verified,False,B2B,,,,,,,,,,Caressa & Français / Émile Français
836,Breton,violin,False,,Mr Lafond,,,,,,,,private,,,private,,,False,B2C,,,,,,,,,,Caressa & Français / Émile Français
837,Auguste Colin 1894,violin,False,,"Melle Maclés, Paris",,,,,,,,private,,,private,,,False,B2C,,,,,,,,,,Caressa & Français / Émile Français
838,Pillement à Paris,violin,False,,Mr Klein,,,,,,,,private,,,private,,,False,B2C,,,,,,,,,,Caressa & Français / Émile Français
839,"Vuillaume, Stentor",violin,False,,Mr Klein,,,,,,,,private,,,private,,,False,B2C,,,,,,,,,,Caressa & Français / Émile Français
840,"Jacquot, Paris",violin,False,,"Mr Quillet, Rozay en Brie",,,,,,,,private,,,private,,,False,B2C,,,,,,,,,,Caressa & Français / Émile Français
841,Vieux français,violin,False,,Mme Jof,,,,,,,,private,,,private,,,False,B2C,,,,,,,,,,Caressa & Français / Émile Français
842,"Breton, Mirecourt 1845",violin,False,,Mme Buisson,,,,,,,,private,,,private,,,False,B2C,,,,,,,,,,Caressa & Français / Émile Français
d. A. C.,Thibout 1823,violin,False,,,,,,20/09/1941,20000,Mr Hamma Stuttgart,"Hamma & Co. (Stuttgart), world-renowned German violin experts and dealers",private,,,trade,Hamma & Co. (Stuttgart),verified,True,B2B,,,,,,,,,,Caressa & Français / Émile Français
843,Imitation ancienne del Gesù,violin,False,,"Mme Erhel, Paris",,,,,,,,private,,,private,,,False,B2C,,,,,,,,,,Caressa & Français / Émile Français
844,Imitation ancienne del Gesù,violin,False,,Mme Camus,,,,,,,,private,,,private,,,False,B2C,,,,,,,,,,Caressa & Français / Émile Français
845,École Viennoise,violin,False,,Mr Léon Poirier,,,,,,,,private,,,private,,,False,B2C,,,,,,,,,,Caressa & Français / Émile Français
846,Gand & Bernardel,violin,False,,Mr Mangeot Bordeaux,,,,,,,,private,,,private,,,False,B2C,,,,,,,,,,Caressa & Français / Émile Français
847,Ancien français,violin,False,,Mr Mangeot Bordeaux,,,,,,,,private,,,private,,,False,B2C,,,,,,,,,,Caressa & Français / Émile Français
847bis,Pique à Paris,violin,False,,,,,,06/10/1943,175000,"Mr Hermann Laux, Stuttgart","Hermann Laux (Stuttgart), major German collector/dealer active in wartime Paris",private,,,trade,Hermann Laux (Stuttgart),verified,False,B2B,,,,,,,,,,Caressa & Français / Émile Français
848,École Thibout,violin,False,,Mme Bailly Paris,,,,,,,,private,,,private,,,False,B2C,,,,,,,,,,Caressa & Français / Émile Français
849,Ancien Allemand,violin,False,,Mme Dovée Paris,,,,,,,,private,,,private,,,False,B2C,,,,,,,,,,Caressa & Français / Émile Français
850,Ancien français,violin,False,,Hôtel des Ventes ,,,,,,,,trade,Hôtel des Ventes (auction),verified,private,,,False,B2C,,,,,,,,,,Caressa & Français / Émile Français
851,Claude Pierray,violin,False,,,,,,,,,,private,,,private,,,False,B2C,,,,,,,,,,Caressa & Français / Émile Français
852,Ancien français,violin,False,,"Mme Chauveau ,Paris",,,,,,,,private,,,private,,,False,B2C,,,,,,,,,,Caressa & Français / Émile Français
853,Fini sous la direction de de Fr.,violin,False,,,,,,16/11/1943,1500,"Melle Augouard, Verdelais",Private Client / Regional Buyer,private,,,private,,,False,B2C,,,,,,,,,,Caressa & Français / Émile Français
854,Ancien Allemand,violin,False,,M. Las,,,,,,,,private,,,private,,,False,B2C,,,,,,,,,,Caressa & Français / Émile Français
855,"Chipot Vuillaume, Paris",violin,False,,Duplat,,,,,,,,private,,,private,,,False,B2C,,,,,,,,,,Caressa & Français / Émile Français
856,Chipot Vuillaume Paris,violin,False,,Duplat,,,,,,,,private,,,private,,,False,B2C,,,,,,,,,,Caressa & Français / Émile Français
857,Ancien Français,violin,False,,Duplat,,,,,,,,private,,,private,,,False,B2C,,,,,,,,,,Caressa & Français / Émile Français
858,,violin,False,,,,,,,,,,private,,,private,,,False,B2C,,,,,,,,,,Caressa & Français / Émile Français
859,,violin,False,,,,,,,,,,private,,,private,,,False,B2C,,,,,,,,,,Caressa & Français / Émile Français
860,Jh. Klotz junior 1806,violin,False,,,,,,13/01/1944,25000,"Mle Dr Michon, Paris.",Private Client / Regional Buyer,private,,,private,,,False,B2C,,,,,,,,,,Caressa & Français / Émile Français
861,Caressa & Français 157-1905,violin,True,,Melle Alvami,,,,,,,,private,,,private,,,False,B2C,,,,,,,,,,Caressa & Français / Émile Français
862,Ancien français,violin,False,,Mr Thibault,,,,,,,,private,,,private,,,False,B2C,,,,,,,,,,Caressa & Français / Émile Français
863,Ancien français,violin,False,,Vve de St Rémy,,,,,,,,private,,,private,,,False,B2C,,,,,,,,,,Caressa & Français / Émile Français
864,Imitation Stradivarius,violin,False,,Mr Nicolas,,,,,,,,private,,,private,,,False,B2C,,,,,,,,,,Caressa & Français / Émile Français
865,Caressa & Français,violin,True,,Mr Pereigan,,,,,,,,private,,,private,,,False,B2C,,,,,,,,,,Caressa & Français / Émile Français
d. G. H.,Yehudi Cheruci fecit Perugia,violin,False,,,,,,01/07/1943,22000,"Mr Fridolin Hamma, Stuttgart","Hamma & Co. (Stuttgart), world-renowned German violin experts and dealers",private,,,trade,Hamma & Co. (Stuttgart),verified,True,B2B,,,,,,,,,,Caressa & Français / Émile Français
d. Jh. J.,Thibout,violin,False,,,,,,02/10/1943,60000,"Mr Hermann Laux, Stuttgart","Hermann Laux (Stuttgart), major German collector/dealer active in wartime Paris",private,,,trade,Hermann Laux (Stuttgart),verified,True,B2B,,,,,,,,,,Caressa & Français / Émile Français
,Antonio Darum Genuae 1755,violin,False,,,,,,06/11/1942,30000,"Mme Douce, Paris",Private Client / Regional Buyer,private,,,private,,,False,B2C,,,,,,,,,,Caressa & Français / Émile Français
d. A. V.,Pierre Silvestre Lyon 1854,violin,False,,,,,,06/10/1943,50000,"Mr Hermann Laux, Stuttgart","Hermann Laux (Stuttgart), major German collector/dealer active in wartime Paris",private,,,trade,Hermann Laux (Stuttgart),verified,True,B2B,,,,,,,,,,Caressa & Français / Émile Français
